status	category	path
M	modified_aggregate	NumStability/Algorithms.lean
M	modified_aggregate	NumStability/Algorithms/LinearSystems.lean
A	added_aggregate	NumStability/Algorithms/LinearSystems/GaussJordan.lean
A	added_aggregate	NumStability/Algorithms/LinearSystems/GaussJordan/ErrorAnalysis.lean
M	modified_aggregate	NumStability/Algorithms/MatrixEquations/Sylvester.lean
M	modified_aggregate	NumStability/Algorithms/MatrixEquations/Sylvester/Conditioning.lean
A	added_aggregate	NumStability/Algorithms/MatrixEquations/Sylvester/Conditioning/AttainedMinima.lean
A	added_aggregate	NumStability/Algorithms/MatrixEquations/Sylvester/Conditioning/AutomaticBounds.lean
A	added_aggregate	NumStability/Algorithms/MatrixEquations/Sylvester/Conditioning/PracticalEstimator.lean
A	added_aggregate	NumStability/Algorithms/MatrixEquations/Sylvester/Conditioning/SigmaMinBounds.lean
M	modified_aggregate	NumStability/Algorithms/MatrixEquations/Sylvester/Equation.lean
A	added_aggregate	NumStability/Algorithms/MatrixEquations/Sylvester/Equation/VectorizationIdentities.lean
A	added_aggregate	NumStability/Algorithms/MatrixEquations/Sylvester/Solvers.lean
A	added_aggregate	NumStability/Algorithms/MatrixEquations/Sylvester/Solvers/ComplexSchur.lean
A	added_aggregate	NumStability/Algorithms/MatrixEquations/Sylvester/Solvers/HessenbergSchur.lean
A	added_aggregate	NumStability/Algorithms/MatrixEquations/Sylvester/Solvers/PivotedSmallBlocks.lean
A	added_aggregate	NumStability/Algorithms/MatrixEquations/Sylvester/Solvers/QuasiTriangularBartelsStewart.lean
A	added_aggregate	NumStability/Algorithms/MatrixEquations/Sylvester/Solvers/TriangularBartelsStewart.lean
A	added_aggregate	NumStability/Algorithms/MatrixInversion/LUFactors.lean
A	added_aggregate	NumStability/Algorithms/MatrixInversion/LUFactors/ErrorAnalysis.lean
A	added_aggregate	NumStability/Algorithms/MatrixInversion/LUFactors/Methods.lean
A	added_aggregate	NumStability/Algorithms/MatrixInversion/Residuals.lean
A	added_aggregate	NumStability/Algorithms/MatrixInversion/Triangular.lean
A	added_aggregate	NumStability/Algorithms/MatrixInversion/Triangular/ErrorAnalysis.lean
A	added_aggregate	NumStability/Algorithms/MatrixInversion/Triangular/Specifications.lean
A	added_aggregate	NumStability/Algorithms/MatrixPowers/ComputedIteration.lean
A	added_aggregate	NumStability/Algorithms/NormEstimation.lean
A	added_aggregate	NumStability/Algorithms/NormEstimation/OneNorm.lean
M	modified_consumer	NumStability/Algorithms/RandNLA/LowRankApprox.lean
M	modified_consumer	NumStability/Algorithms/StationaryIteration.lean
M	modified_consumer	NumStability/Algorithms/StationaryIterationDrazin.lean
M	modified_consumer	NumStability/Algorithms/StationaryIterationSemiconvergent.lean
M	modified_aggregate	NumStability/Algorithms/Sylvester.lean
M	modified_aggregate	NumStability/Analysis.lean
A	added_aggregate	NumStability/Analysis/CStarMatrices.lean
A	added_aggregate	NumStability/Analysis/CStarMatrices/Basic.lean
A	added_aggregate	NumStability/Analysis/CStarMatrices/Expectation.lean
A	added_aggregate	NumStability/Analysis/CStarMatrices/Trace.lean
A	added_aggregate	NumStability/Analysis/Error/MatrixProducts.lean
A	added_aggregate	NumStability/Analysis/Error/MatrixProducts/Contracts.lean
A	added_aggregate	NumStability/Analysis/Error/MatrixProducts/EvaluationTrees.lean
M	modified_consumer	NumStability/Analysis/Error/RoundingProducts/Core.lean
M	modified_aggregate	NumStability/Analysis/FirstOrder.lean
A	added_aggregate	NumStability/Analysis/FirstOrder/MatrixFamilies.lean
A	added_aggregate	NumStability/Analysis/FunctionalCalculus.lean
A	added_aggregate	NumStability/Analysis/FunctionalCalculus/OperatorLog.lean
A	added_aggregate	NumStability/Analysis/FunctionalCalculus/Resolvent.lean
M	modified_aggregate	NumStability/Analysis/LinearOperators.lean
A	added_aggregate	NumStability/Analysis/LinearOperators/Jordan.lean
A	added_aggregate	NumStability/Analysis/LinearOperators/Jordan/NormalForm.lean
A	added_aggregate	NumStability/Analysis/LinearOperators/MatrixPowers.lean
A	added_aggregate	NumStability/Analysis/LinearOperators/MatrixPowers/BaiDemmelGu.lean
A	added_aggregate	NumStability/Analysis/LinearOperators/MatrixPowers/ExactNormBounds.lean
A	added_aggregate	NumStability/Analysis/LinearOperators/MatrixPowers/Gautschi.lean
A	added_aggregate	NumStability/Analysis/LinearOperators/MatrixPowers/Henrici.lean
A	added_aggregate	NumStability/Analysis/LinearOperators/MatrixPowers/JordanScaling.lean
A	added_aggregate	NumStability/Analysis/LinearOperators/MatrixPowers/Kreiss.lean
A	added_aggregate	NumStability/Analysis/LinearOperators/MatrixPowers/Laszlo.lean
A	added_aggregate	NumStability/Analysis/LinearOperators/MatrixPowers/LpBounds.lean
A	added_aggregate	NumStability/Analysis/LinearOperators/MatrixPowers/Spijker.lean
A	added_aggregate	NumStability/Analysis/LinearOperators/NumericalRadius.lean
A	added_aggregate	NumStability/Analysis/LinearOperators/NumericalRadius/Berger.lean
A	added_aggregate	NumStability/Analysis/LinearOperators/NumericalRadius/Core.lean
A	added_aggregate	NumStability/Analysis/LinearOperators/Pseudospectra.lean
A	added_aggregate	NumStability/Analysis/LinearOperators/Pseudospectra/Perturbation.lean
A	added_aggregate	NumStability/Analysis/LinearOperators/Pseudospectra/PowerBounds.lean
A	added_aggregate	NumStability/Analysis/LinearOperators/Pseudospectra/Resolvent.lean
M	modified_aggregate	NumStability/Analysis/LinearOperators/Schur.lean
A	added_aggregate	NumStability/Analysis/LinearOperators/Schur/Real.lean
A	added_aggregate	NumStability/Analysis/LinearOperators/Schur/Real/Triangularization.lean
A	added_aggregate	NumStability/Analysis/MatrixInequalities.lean
A	added_aggregate	NumStability/Analysis/MatrixInequalities/LiebTrace.lean
M	modified_consumer	NumStability/Analysis/SemiconvergentExistenceGaps.lean
M	modified_consumer	NumStability/Analysis/SemiconvergentLimitGeneral.lean
M	modified_consumer	NumStability/Analysis/SemiconvergentRealSpectrumComplete.lean
M	modified_consumer	NumStability/Source/Higham/Chapter01/FloatingPointArithmetic/CancellationOfRoundingErrors.lean
M	modified_consumer	NumStability/Source/Higham/Chapter01/FloatingPointArithmetic/IncreasingPrecision.lean
M	modified_consumer	NumStability/Source/Higham/Chapter01/FloatingPointArithmetic/InstabilityWithoutCancellation.lean
M	modified_consumer	NumStability/Source/Higham/Chapter03/Problem02/ProductBounds/PositiveFactors.lean
M	modified_consumer	NumStability/Source/Higham/Chapter13/Equation23/PointRowGrowth.lean
M	modified_aggregate	NumStability/Source/Higham/Chapter14.lean
A	added_aggregate	NumStability/Source/Higham/Chapter14/Algorithm04.lean
A	added_aggregate	NumStability/Source/Higham/Chapter14/Algorithm04/Accumulation.lean
A	added_aggregate	NumStability/Source/Higham/Chapter14/Algorithm04/Execution.lean
A	added_aggregate	NumStability/Source/Higham/Chapter14/Algorithm04/Pivoting.lean
A	added_aggregate	NumStability/Source/Higham/Chapter14/Algorithm04/SecondStage.lean
A	added_aggregate	NumStability/Source/Higham/Chapter14/Corollary06.lean
A	added_aggregate	NumStability/Source/Higham/Chapter14/Corollary06/SPD.lean
A	added_aggregate	NumStability/Source/Higham/Chapter14/Corollary07.lean
A	added_aggregate	NumStability/Source/Higham/Chapter14/Corollary07/DiagonalDominance.lean
M	modified_consumer	NumStability/Source/Higham/Chapter14/Discrepancies.lean
A	added_aggregate	NumStability/Source/Higham/Chapter14/Equation34.lean
A	added_aggregate	NumStability/Source/Higham/Chapter14/Equation34/DeterminantFromLU.lean
A	added_aggregate	NumStability/Source/Higham/Chapter14/Equation35.lean
A	added_aggregate	NumStability/Source/Higham/Chapter14/Equation35/HymanBlockFactorization.lean
A	added_aggregate	NumStability/Source/Higham/Chapter14/Equation36.lean
A	added_aggregate	NumStability/Source/Higham/Chapter14/Equation36/HymanDeterminant.lean
A	added_aggregate	NumStability/Source/Higham/Chapter14/Problem02.lean
A	added_aggregate	NumStability/Source/Higham/Chapter14/Problem02/TriangularInversion.lean
A	added_aggregate	NumStability/Source/Higham/Chapter14/Problem03.lean
A	added_aggregate	NumStability/Source/Higham/Chapter14/Problem03/ResidualComparison.lean
A	added_aggregate	NumStability/Source/Higham/Chapter14/Problem04.lean
A	added_aggregate	NumStability/Source/Higham/Chapter14/Problem04/ResidualCounterexample.lean
A	added_aggregate	NumStability/Source/Higham/Chapter14/Problem05.lean
A	added_aggregate	NumStability/Source/Higham/Chapter14/Problem05/InverseBasedSolve.lean
A	added_aggregate	NumStability/Source/Higham/Chapter14/Problem07.lean
A	added_aggregate	NumStability/Source/Higham/Chapter14/Problem07/OnesVector.lean
A	added_aggregate	NumStability/Source/Higham/Chapter14/Problem08.lean
A	added_aggregate	NumStability/Source/Higham/Chapter14/Problem08/ComplexInverseRealBlock.lean
A	added_aggregate	NumStability/Source/Higham/Chapter14/Problem10.lean
A	added_aggregate	NumStability/Source/Higham/Chapter14/Problem10/EntryPerturbation.lean
A	added_aggregate	NumStability/Source/Higham/Chapter14/Problem11.lean
A	added_aggregate	NumStability/Source/Higham/Chapter14/Problem11/HadamardCondition.lean
A	added_aggregate	NumStability/Source/Higham/Chapter14/Problem12.lean
A	added_aggregate	NumStability/Source/Higham/Chapter14/Problem12/HadamardExamples.lean
M	modified_consumer	NumStability/Source/Higham/Chapter14/Problem13.lean
A	added_aggregate	NumStability/Source/Higham/Chapter14/Problem13/GEJBound.lean
M	modified_consumer	NumStability/Source/Higham/Chapter14/Problem14.lean
A	added_aggregate	NumStability/Source/Higham/Chapter14/Problem14/HymanDeterminant.lean
M	modified_consumer	NumStability/Source/Higham/Chapter14/Problem15.lean
A	added_aggregate	NumStability/Source/Higham/Chapter14/Problem15/DeterminantPerturbation.lean
A	added_aggregate	NumStability/Source/Higham/Chapter14/Section01.lean
A	added_aggregate	NumStability/Source/Higham/Chapter14/Section01/InverseErrorAnalysis.lean
A	added_aggregate	NumStability/Source/Higham/Chapter14/Section01/ProductErrorNotation.lean
A	added_aggregate	NumStability/Source/Higham/Chapter14/Section02.lean
A	added_aggregate	NumStability/Source/Higham/Chapter14/Section02/TriangularInversion.lean
A	added_aggregate	NumStability/Source/Higham/Chapter14/Section02/TriangularInversion/Method1.lean
A	added_aggregate	NumStability/Source/Higham/Chapter14/Section02/TriangularInversion/Method1B.lean
A	added_aggregate	NumStability/Source/Higham/Chapter14/Section02/TriangularInversion/Method2.lean
A	added_aggregate	NumStability/Source/Higham/Chapter14/Section02/TriangularInversion/Method2B.lean
A	added_aggregate	NumStability/Source/Higham/Chapter14/Section02/TriangularInversion/Method2C.lean
A	added_aggregate	NumStability/Source/Higham/Chapter14/Section03.lean
A	added_aggregate	NumStability/Source/Higham/Chapter14/Section03/LUFactorInversion.lean
A	added_aggregate	NumStability/Source/Higham/Chapter14/Section03/LUFactorInversion/MethodB.lean
A	added_aggregate	NumStability/Source/Higham/Chapter14/Section03/LUFactorInversion/MethodC.lean
A	added_aggregate	NumStability/Source/Higham/Chapter14/Section03/LUFactorInversion/MethodD.lean
M	modified_consumer	NumStability/Source/Higham/Chapter14/Section05/SpectralConvergence.lean
A	added_aggregate	NumStability/Source/Higham/Chapter14/Theorem05.lean
A	added_aggregate	NumStability/Source/Higham/Chapter14/Theorem05/ForwardError.lean
M	modified_aggregate	NumStability/Source/Higham/Chapter16.lean
A	added_aggregate	NumStability/Source/Higham/Chapter16/Problem02.lean
A	added_aggregate	NumStability/Source/Higham/Chapter16/Problem02/LyapunovIntegral.lean
M	modified_aggregate	NumStability/Source/Higham/Chapter16/Section01.lean
A	added_aggregate	NumStability/Source/Higham/Chapter16/Section01/SylvesterEquation.lean
A	added_aggregate	NumStability/Source/Higham/Chapter16/Section01/SylvesterEquation/ComplexSolvability.lean
A	added_aggregate	NumStability/Source/Higham/Chapter16/Section01/SylvesterEquation/VectorizationNotes.lean
M	modified_aggregate	NumStability/Source/Higham/Chapter16/Section02.lean
A	added_aggregate	NumStability/Source/Higham/Chapter16/Section02/BartelsStewart.lean
A	added_aggregate	NumStability/Source/Higham/Chapter16/Section02/BartelsStewart/Equation09.lean
A	added_aggregate	NumStability/Source/Higham/Chapter16/Section02/BartelsStewart/Equations04To08.lean
A	added_aggregate	NumStability/Source/Higham/Chapter16/Section02/SylvesterAndLyapunovBackwardError.lean
A	added_aggregate	NumStability/Source/Higham/Chapter16/Section02/SylvesterAndLyapunovBackwardError/AttainedMinima.lean
M	modified_aggregate	NumStability/Source/Higham/Chapter16/Section03.lean
A	added_aggregate	NumStability/Source/Higham/Chapter16/Section03/PerturbationAndConditioning.lean
A	added_aggregate	NumStability/Source/Higham/Chapter16/Section03/PerturbationAndConditioning/AttainedSeparation.lean
A	added_aggregate	NumStability/Source/Higham/Chapter16/Section03/PerturbationAndConditioning/AutomaticBounds.lean
A	added_aggregate	NumStability/Source/Higham/Chapter16/Section03/PerturbationAndConditioning/SigmaMinCorollaries.lean
M	modified_aggregate	NumStability/Source/Higham/Chapter16/Section04.lean
A	added_aggregate	NumStability/Source/Higham/Chapter16/Section04/PracticalErrorBounds.lean
A	added_aggregate	NumStability/Source/Higham/Chapter16/Section04/PracticalErrorBounds/Equation29Extensions.lean
A	added_aggregate	NumStability/Source/Higham/Chapter16/Section04/PracticalErrorBounds/NormEstimator.lean
M	modified_consumer	NumStability/Source/Higham/Chapter17/Problem01.lean
M	modified_aggregate	NumStability/Source/Higham/Chapter18.lean
M	modified_aggregate	NumStability/Source/Higham/Chapter18/Section01.lean
A	added_aggregate	NumStability/Source/Higham/Chapter18/Section01/MatrixPowerBounds.lean
A	added_aggregate	NumStability/Source/Higham/Chapter18/Section01/MatrixPowerBounds/Equations04And05.lean
A	added_aggregate	NumStability/Source/Higham/Chapter18/Section01/MatrixPowerBounds/NamedBounds.lean
A	added_aggregate	NumStability/Source/Higham/Chapter18/Section02.lean
A	added_aggregate	NumStability/Source/Higham/Chapter18/Section02/FinitePrecisionPowers.lean
A	added_aggregate	NumStability/Source/Higham/Chapter18/Section02/FinitePrecisionPowers/Equations08To14.lean
A	added_aggregate	NumStability/Source/Higham/Chapter18/Section02/FinitePrecisionPowers/Theorems01And02.lean
M	modified_aggregate	NumStabilityTest.lean
A	added_test_aggregate	NumStabilityTest/Reorganization/W06.lean
A	added_test_aggregate	NumStabilityTest/Reorganization/W08.lean
M	modified_classification	docs/architecture/COMPATIBILITY.md
M	modified_evidence	docs/architecture/deliveries/W08/PROJECTION.md
M	modified_classification	docs/architecture/layout-exceptions.json
M	modified_control	docs/architecture/phases/2026-08-repository-reorganization/README.md
M	modified_control	docs/architecture/phases/2026-08-repository-reorganization/branches/B0006.json
M	modified_control	docs/architecture/phases/2026-08-repository-reorganization/branches/B0007.json
M	modified_control	docs/architecture/phases/2026-08-repository-reorganization/branches/README.md
M	modified_control	docs/architecture/phases/2026-08-repository-reorganization/phase.json
A	added_request_artifact	docs/architecture/phases/2026-08-repository-reorganization/requests/R0005-overlap-review.md
A	added_request_artifact	docs/architecture/phases/2026-08-repository-reorganization/requests/R0005.json
A	added_request_artifact	docs/architecture/phases/2026-08-repository-reorganization/requests/R0005.patch
A	added_request_artifact	docs/architecture/phases/2026-08-repository-reorganization/requests/R0006-overlap-review.md
A	added_request_artifact	docs/architecture/phases/2026-08-repository-reorganization/requests/R0006.json
A	added_request_artifact	docs/architecture/phases/2026-08-repository-reorganization/requests/R0006.patch
M	modified_control	docs/architecture/phases/2026-08-repository-reorganization/requests/README.md
M	modified_classification	docs/architecture/tiers.json
