module	declaration	visibility	reason	trigger
NumStability.Algorithms.Ch10KahanSharpnessSource	NumStability.Higham10KahanSharpnessSourceCertificate.of_theta	public	references a retained declaration	NumStability.higham10KahanFullR_tail_le
NumStability.Algorithms.Cholesky.CholeskySpec	NumStability.cholesky_existence	public	uses same-module private	_private.NumStability.Algorithms.Cholesky.CholeskySpec.0.NumStability.schur_pd
NumStability.Algorithms.Cholesky.CholeskyDemmel	NumStability.cholesky_succeeds_of_scaled_perturbation	public	references a retained declaration	NumStability.cholesky_existence
NumStability.Algorithms.Cholesky.CholeskySpec	NumStability.cholesky_uniqueness	public	uses same-module private	_private.NumStability.Algorithms.Cholesky.CholeskySpec.0.NumStability.cholesky_factor_uniqueness
NumStability.Algorithms.HighamChapter10	NumStability.finiteMaxEigenvalue_leading_principal_le	public	references a retained declaration	NumStability.quadForm_zero_pad_eq
NumStability.Algorithms.HighamChapter10	NumStability.finiteMinEigenvalue_leading_principal_ge	public	references a retained declaration	NumStability.quadForm_zero_pad_eq
NumStability.Algorithms.Cholesky.CholeskyFl	NumStability.fl_chol_diag_solve_form	public	uses same-module private	_private.NumStability.Algorithms.Cholesky.CholeskyFl.0.NumStability.chol_term_factor_bound
NumStability.Algorithms.Cholesky.CholeskyFl	NumStability.fl_chol_offdiag_solve_form	public	uses same-module private	_private.NumStability.Algorithms.Cholesky.CholeskyFl.0.NumStability.chol_term_factor_bound
NumStability.Algorithms.Cholesky.CholeskyFl	NumStability.fl_choleskyTrunc_backward_error	public	references a retained declaration	NumStability.fl_cholesky_truncated_border_demmel
NumStability.Algorithms.Cholesky.CholeskyFl	NumStability.fl_cholesky_backward_error	public	uses same-module private	_private.NumStability.Algorithms.Cholesky.CholeskyFl.0.NumStability.fl_cholesky_entry_bound
NumStability.Algorithms.Cholesky.CholeskyFl	NumStability.fl_cholesky_block_certificate	public	references a retained declaration	NumStability.fl_cholesky_backward_error
NumStability.Algorithms.Cholesky.CholeskyFl	NumStability.fl_cholesky_border_bound	public	references a retained declaration	NumStability.fl_cholesky_truncated_bound
NumStability.Algorithms.Cholesky.CholeskyFl	NumStability.fl_cholesky_colNormSq_le_stage	public	references a retained declaration	NumStability.fl_cholesky_entry_bound_stage
NumStability.Algorithms.Cholesky.CholeskyFl	NumStability.fl_cholesky_diag_pos_of_floor	public	uses same-module private	_private.NumStability.Algorithms.Cholesky.CholeskyFl.0.NumStability.u_lt_one_of_gammaValid_succ
NumStability.Algorithms.Cholesky.CholeskyFl	NumStability.fl_cholesky_entry_bound_stage	public	uses same-module private	_private.NumStability.Algorithms.Cholesky.CholeskyFl.0.NumStability.chol_cert_core
NumStability.Algorithms.Cholesky.CholeskyFl	NumStability.fl_cholesky_pivot_pos_step	public	uses same-module private	_private.NumStability.Algorithms.Cholesky.CholeskyFl.0.NumStability.u_lt_one_of_gammaValid_succ
NumStability.Algorithms.Cholesky.CholeskyFl	NumStability.fl_cholesky_pivot_pos_step_sharp	public	uses same-module private	_private.NumStability.Algorithms.Cholesky.CholeskyFl.0.NumStability.u_lt_one_of_gammaValid_succ
NumStability.Algorithms.Cholesky.CholeskyFl	NumStability.fl_cholesky_pivots_pos	public	references a retained declaration	NumStability.fl_cholesky_pivot_pos_step
NumStability.Algorithms.Cholesky.CholeskyFl	NumStability.fl_cholesky_pivots_pos_sharp	public	references a retained declaration	NumStability.fl_cholesky_pivot_pos_step_sharp
NumStability.Algorithms.HighamChapter10	NumStability.fl_cholesky_pivots_pos_sharp_certified	public	references a retained declaration	NumStability.fl_cholesky_pivots_pos_sharp
NumStability.Algorithms.Cholesky.CholeskyFl	NumStability.fl_cholesky_truncated_border_demmel	public	references a retained declaration	NumStability.fl_cholesky_colNormSq_le_stage
NumStability.Algorithms.Cholesky.CholeskyFl	NumStability.fl_cholesky_truncated_bound	public	references a retained declaration	NumStability.fl_cholesky_entry_bound_stage
NumStability.Algorithms.Cholesky.CholeskyFl	NumStability.fl_cholesky_truncated_demmel	public	references a retained declaration	NumStability.fl_cholesky_colNormSq_le_stage
NumStability.Algorithms.Cholesky.CholeskyPSD	NumStability.fl_cpFactor_rows_dominated	public	references a retained declaration	NumStability.fl_factor_row_dominated
NumStability.Algorithms.Cholesky.CholeskyPSD	NumStability.fl_cp_termination_trailing_bound	public	references a retained declaration	NumStability.psd_abs_entry_le_maxdiag
NumStability.Algorithms.Cholesky.CholeskyPSD	NumStability.fl_factor_row_dominated	public	references a retained declaration	NumStability.psd_abs_entry_le_sqrt_diag
NumStability.Algorithms.Ch10KahanSharpnessSource	NumStability.higham10KahanFullR_tail_le	public	references a retained declaration	NumStability.higham10KahanR_tail_le
NumStability.Algorithms.Ch10KahanSharpnessSource	NumStability.higham10KahanR_tail_le	public	uses same-module private	_private.NumStability.Algorithms.Ch10KahanSharpnessSource.0.NumStability.higham10Kahan_geometric_segment
NumStability.Algorithms.Ch10KahanSharpnessSource	NumStability.higham10KahanW_op2_eq_frobenius	public	references a retained declaration	NumStability.higham10KahanW_op2_sq
NumStability.Algorithms.Ch10KahanSharpnessSource	NumStability.higham10KahanW_op2_eq_product	public	uses same-module private	_private.NumStability.Algorithms.Ch10KahanSharpnessSource.0.NumStability.complexMatrixOp2_vecMulVec
NumStability.Algorithms.Ch10KahanSharpnessSource	NumStability.higham10KahanW_op2_sq	public	references a retained declaration	NumStability.higham10KahanW_op2_eq_product
NumStability.Algorithms.HighamChapter10	NumStability.higham10_12_w_action_trace_bound	public	references a retained declaration	NumStability.psd_quadForm_le_trace
NumStability.Algorithms.Ch10KahanSharpnessSource	NumStability.higham10_13_kahan_source_closed	public	references a retained declaration	NumStability.Higham10KahanSharpnessSourceCertificate.of_theta
NumStability.Algorithms.Ch10KahanSharpnessSource	NumStability.higham10_13_kahan_theta_op2_tendsto	public	references a retained declaration	NumStability.higham10KahanW_op2_eq_frobenius
NumStability.Algorithms.Cholesky.Higham1014Equation1022	NumStability.higham10_14_actualSchur_quadratic_bound	public	uses same-module private	_private.NumStability.Algorithms.Cholesky.Higham1014Equation1022.0.NumStability.higham10_14_abs_entry_le_of_rectOpNorm2Le
NumStability.Algorithms.Ch10PivotedPSDSourceClosure	NumStability.higham10_14_actual_componentwise	public	references a retained declaration	NumStability.higham10_14_as_run_backward_error
NumStability.Algorithms.Cholesky.Higham1014Equation1022	NumStability.higham10_14_actual_schur_perturbation_exact	public	references a retained declaration	NumStability.higham10_14_psd_rank_schur_zero
NumStability.Algorithms.Cholesky.CholeskyPSD	NumStability.higham10_14_as_run_backward_error	public	references a retained declaration	NumStability.fl_factor_row_dominated
NumStability.Algorithms.Ch10PivotedPSDSourceClosure	NumStability.higham10_14_completePivotedPSD_actual_of_noTies	public	references a retained declaration	NumStability.higham10_14_completePivotedPSD_actual_source_closed
NumStability.Algorithms.Ch10PivotedPSDSourceClosure	NumStability.higham10_14_completePivotedPSD_actual_source_closed	public	references a retained declaration	NumStability.higham10_14_actual_componentwise
NumStability.Algorithms.Cholesky.Higham1014Equation1022	NumStability.higham10_14_equation_10_22_family	public	references a retained declaration	NumStability.higham10_14_equation_10_22_family_of_success
NumStability.Algorithms.Cholesky.Higham1014Equation1022	NumStability.higham10_14_equation_10_22_family_of_success	public	uses same-module private	_private.NumStability.Algorithms.Cholesky.Higham1014Equation1022.0.NumStability.higham10_14_rectOpNorm2Le_neg
NumStability.Algorithms.Cholesky.Higham1014SourceError	NumStability.higham10_14_equation_10_24	public	uses same-module private	_private.NumStability.Algorithms.Cholesky.Higham1014SourceError.0.NumStability.higham10_14_entry_bound
NumStability.Algorithms.Cholesky.Higham1014SourceError	NumStability.higham10_14_equation_10_25	public	uses same-module private	_private.NumStability.Algorithms.Cholesky.Higham1014SourceError.0.NumStability.higham10_14_trunc_abs_gram
NumStability.Algorithms.HighamChapter10	NumStability.higham10_14_fl_psd_cholesky_backward_error	public	references a retained declaration	NumStability.fl_choleskyTrunc_backward_error
NumStability.Algorithms.Cholesky.Higham1014Equation1022	NumStability.higham10_14_linearSchur_opNorm2Le	public	uses same-module private	_private.NumStability.Algorithms.Cholesky.Higham1014Equation1022.0.NumStability.higham10_14_rectOpNorm2Le_add
NumStability.Algorithms.Cholesky.Higham1014Equation1022	NumStability.higham10_14_psd_rank_schur_zero	public	references a retained declaration	NumStability.higham10_9_psd_pivoted_cholesky_rank
NumStability.Algorithms.Cholesky.Higham1014SourceError	NumStability.higham10_14_source_determinate_endpoint	public	references a retained declaration	NumStability.higham10_14_equation_10_24
NumStability.Algorithms.Cholesky.Higham1014SourceError	NumStability.higham10_14_source_success_and_error	public	references a retained declaration	NumStability.higham10_14_equation_10_24
NumStability.Algorithms.HighamChapter10	NumStability.higham10_18_isPosSemiDef	public	uses same-module private	_private.NumStability.Algorithms.HighamChapter10.0.NumStability.higham10_18_row_cast
NumStability.Algorithms.HighamChapter10	NumStability.higham10_18_w_arbitrarily_large	public	references a retained declaration	NumStability.higham10_18_isPosSemiDef
NumStability.Algorithms.HighamChapter10	NumStability.higham10_1_cholesky_existence	public	references a retained declaration	NumStability.cholesky_existence
NumStability.Algorithms.HighamChapter10	NumStability.higham10_1_cholesky_uniqueness	public	references a retained declaration	NumStability.cholesky_uniqueness
NumStability.Algorithms.HighamChapter10	NumStability.higham10_21_fl_cholesky_leading_pivots_pos	public	references a retained declaration	NumStability.fl_cholesky_pivot_pos_step_sharp
NumStability.Algorithms.HighamChapter10	NumStability.higham10_21_fl_cholesky_success	public	references a retained declaration	NumStability.higham10_21_fl_cholesky_leading_pivots_pos
NumStability.Algorithms.HighamChapter10	NumStability.higham10_21_stage_border_mass	public	references a retained declaration	NumStability.fl_cholesky_block_certificate
NumStability.Algorithms.HighamChapter10	NumStability.higham10_21_stage_interior_mass	public	references a retained declaration	NumStability.fl_cholesky_block_certificate
NumStability.Algorithms.Ch10PivotedPSDSourceClosure	NumStability.higham10_23_25_actual_trailing_from_stop	public	references a retained declaration	NumStability.psd_abs_entry_le_maxdiag
NumStability.Algorithms.Ch10PivotedPSDSourceClosure	NumStability.higham10_25_actual_backwardError_opNorm2	public	references a retained declaration	NumStability.higham10_14_actual_componentwise
NumStability.Algorithms.Cholesky.Higham1014SourceError	NumStability.higham10_25_rank_sensitive_bridge	public	uses same-module private	_private.NumStability.Algorithms.Cholesky.Higham1014SourceError.0.NumStability.higham10_14_opNorm2Le_neg
NumStability.Algorithms.Ch10PivotedPSDSourceClosure	NumStability.higham10_28_implies_10_27_actual_residualNorm	public	references a retained declaration	NumStability.higham10_23_25_actual_trailing_from_stop
NumStability.Algorithms.Cholesky.Higham1029Source	NumStability.higham10_29_lu_growth_aux	public	references a retained declaration	NumStability.higham10_29_stage_operator_le
NumStability.Algorithms.Cholesky.Higham1029Source	NumStability.higham10_29_lu_growth_bound_gram	public	references a retained declaration	NumStability.higham10_29_lu_growth_aux
NumStability.Algorithms.Cholesky.Higham1029Source	NumStability.higham10_29_source_lu_growth_bound	public	references a retained declaration	NumStability.higham10_29_lu_growth_bound_gram
NumStability.Algorithms.Cholesky.HighamMathiasSource	NumStability.higham10_29_source_lu_growth_bound_opNorm2	public	references a retained declaration	NumStability.higham10_29_source_lu_growth_bound
NumStability.Algorithms.HighamChapter10	NumStability.higham10_29_stage_operator_le	public	references a retained declaration	NumStability.higham10_29_stage_quadForm_le
NumStability.Algorithms.HighamChapter10	NumStability.higham10_29_stage_operator_le_exists	public	references a retained declaration	NumStability.higham10_29_stage_operator_le
NumStability.Algorithms.HighamChapter10	NumStability.higham10_29_stage_quadForm_le	public	references a retained declaration	NumStability.spd_schur_complement_isSymPosDef
NumStability.Algorithms.Ch10ComplexPositiveDefiniteSourceClosure	NumStability.higham10_30_SourceGETrace	public	references a retained declaration	NumStability.higham10_30_SourceUpperEntryRep
NumStability.Algorithms.Ch10ComplexPositiveDefiniteSourceClosure	NumStability.higham10_30_SourceSchurDiagonalRep	public	uses same-module private	_private.NumStability.Algorithms.Ch10ComplexPositiveDefiniteSourceClosure.0.NumStability.higham10_30_borderedRealMatrix
NumStability.Algorithms.Ch10ComplexPositiveDefiniteSourceClosure	NumStability.higham10_30_SourceUpperEntryRep	public	references a retained declaration	NumStability.higham10_30_SourceSchurDiagonalRep
NumStability.Algorithms.Ch10ComplexPositiveDefiniteSourceClosure	NumStability.higham10_30_complexPositiveDefinite_GE_backward_error_source	public	references a retained declaration	NumStability.higham10_30_complexPositiveDefinite_exists_noPivotLU
NumStability.Algorithms.Ch10ComplexPositiveDefiniteSourceClosure	NumStability.higham10_30_complexPositiveDefinite_exists_noPivotLU	public	references a retained declaration	NumStability.higham10_30_leadingComplexBlock_det_ne_zero
NumStability.Algorithms.Ch10ComplexPositiveDefiniteSourceClosure	NumStability.higham10_30_complexPositiveDefinite_exists_noPivotLU_growth_lt_three	public	references a retained declaration	NumStability.higham10_30_complexPositiveDefinite_exists_noPivotLU
NumStability.Algorithms.Ch10ComplexPositiveDefiniteSourceClosure	NumStability.higham10_30_complexPositiveDefinite_growth_lt_three	public	uses same-module private	_private.NumStability.Algorithms.Ch10ComplexPositiveDefiniteSourceClosure.0.NumStability.higham10_30_input_complexMaxEntryNorm_pos
NumStability.Algorithms.Ch10ComplexPositiveDefiniteSourceClosure	NumStability.higham10_30_complexPositiveDefinite_sourceGETrace	public	uses same-module private	_private.NumStability.Algorithms.Ch10ComplexPositiveDefiniteSourceClosure.0.NumStability.higham10_30_sourceUpperEntryRep_of_exactLU
NumStability.Algorithms.Ch10ComplexPositiveDefiniteSourceClosure	NumStability.higham10_30_complexQuadForm_im	public	uses same-module private	_private.NumStability.Algorithms.Ch10ComplexPositiveDefiniteSourceClosure.0.NumStability.higham10_30_symmetric_cross_sum_sub_eq_zero
NumStability.Algorithms.Ch10ComplexPositiveDefiniteSourceClosure	NumStability.higham10_30_complexQuadForm_re	public	uses same-module private	_private.NumStability.Algorithms.Ch10ComplexPositiveDefiniteSourceClosure.0.NumStability.higham10_30_symmetric_cross_sum_sub_eq_zero
NumStability.Algorithms.Ch10ComplexPositiveDefiniteSourceClosure	NumStability.higham10_30_complex_entry_norm_le_max_diagonal	public	uses same-module private	_private.NumStability.Algorithms.Ch10ComplexPositiveDefiniteSourceClosure.0.NumStability.higham10_30_posDef_entry_sq_le_diag_mul_diag
NumStability.Algorithms.Ch10ComplexPositiveDefiniteSourceClosure	NumStability.higham10_30_det_ne_zero_of_real_spd	public	uses same-module private	_private.NumStability.Algorithms.Ch10ComplexPositiveDefiniteSourceClosure.0.NumStability.higham10_30_complexVector_re_or_im_nonzero
NumStability.Algorithms.Ch10ComplexPositiveDefiniteSourceClosure	NumStability.higham10_30_leadingComplexBlock_det_ne_zero	public	references a retained declaration	NumStability.higham10_30_det_ne_zero_of_real_spd
NumStability.Algorithms.Ch10ComplexPositiveDefiniteSourceClosure	NumStability.higham10_30_leadingRealBlock_spd	public	uses same-module private	_private.NumStability.Algorithms.Ch10ComplexPositiveDefiniteSourceClosure.0.NumStability.higham10_30_matrixPosDef_to_isSymPosDef
NumStability.Algorithms.Ch10ComplexPositiveDefiniteSourceClosure	NumStability.higham10_30_literalComplexGE_gamma_n_certificate_source_discrepancy	public	uses same-module private	_private.NumStability.Algorithms.Ch10ComplexPositiveDefiniteSourceClosure.0.NumStability.higham10_30_complexGammaCounterB
NumStability.Algorithms.Ch10ComplexPositiveDefiniteSourceClosure	NumStability.higham10_30_source_schur_diagonal_growth_sq_lt_nine	public	uses same-module private	_private.NumStability.Algorithms.Ch10ComplexPositiveDefiniteSourceClosure.0.NumStability.higham10_30_borderedRealMatrix
NumStability.Algorithms.Ch10ComplexPositiveDefiniteSourceClosure	NumStability.higham10_30_source_schur_diagonal_norm_lt_three	public	uses same-module private	_private.NumStability.Algorithms.Ch10ComplexPositiveDefiniteSourceClosure.0.NumStability.higham10_30_borderedRealMatrix
NumStability.Algorithms.HighamChapter10	NumStability.higham10_3_fl_cholesky_backward_error	public	references a retained declaration	NumStability.higham10_3_fl_cholesky_certificate
NumStability.Algorithms.HighamChapter10	NumStability.higham10_3_fl_cholesky_certificate	public	references a retained declaration	NumStability.fl_cholesky_backward_error
NumStability.Algorithms.HighamChapter10	NumStability.higham10_4_fl_cholesky_solve_backward_error	public	references a retained declaration	NumStability.fl_cholesky_backward_error
NumStability.Algorithms.HighamChapter10	NumStability.higham10_4_nonsym_pd_leading_principal	public	references a retained declaration	NumStability.nonsymPosDef_leading_principal
NumStability.Algorithms.HighamChapter10	NumStability.higham10_5_fl_cholesky_demmel_bound	public	references a retained declaration	NumStability.fl_cholesky_backward_error
NumStability.Algorithms.Ch10ActualSourceClosure	NumStability.higham10_6_actual_source_closed	public	references a retained declaration	NumStability.fl_cholesky_backward_error
NumStability.Algorithms.HighamChapter10	NumStability.higham10_7_fl_cholesky_success	public	references a retained declaration	NumStability.finiteMinEigenvalue_leading_principal_ge
NumStability.Algorithms.HighamChapter10	NumStability.higham10_7_fl_cholesky_success_sharp	public	references a retained declaration	NumStability.higham10_21_fl_cholesky_success
NumStability.Algorithms.HighamChapter10	NumStability.higham10_7_success_factorization	public	references a retained declaration	NumStability.cholesky_succeeds_of_scaled_perturbation
NumStability.Algorithms.HighamChapter10	NumStability.higham10_7_success_factorization_min_eig	public	references a retained declaration	NumStability.higham10_7_success_factorization_spectral
NumStability.Algorithms.HighamChapter10	NumStability.higham10_7_success_factorization_spectral	public	references a retained declaration	NumStability.higham10_7_success_factorization
NumStability.Algorithms.Ch10Theorem108Componentwise	NumStability.higham10_8_componentwise_source	public	references a retained declaration	NumStability.higham10_8_componentwise_source_of_normalized_certificate
NumStability.Algorithms.Ch10Theorem108Componentwise	NumStability.higham10_8_componentwise_source_nonsingInv	public	references a retained declaration	NumStability.higham10_8_componentwise_source
NumStability.Algorithms.Ch10Theorem108Componentwise	NumStability.higham10_8_componentwise_source_of_normalized_certificate	public	references a retained declaration	NumStability.higham10_8_normalized_componentwise_resolvent
NumStability.Algorithms.Ch10Theorem108Source	NumStability.higham10_8_counterRhat_unique	public	references a retained declaration	NumStability.higham10_1_cholesky_uniqueness
NumStability.Algorithms.Ch10Theorem108Componentwise	NumStability.higham10_8_normalized_componentwise_resolvent	public	uses same-module private	_private.NumStability.Algorithms.Ch10Theorem108Componentwise.0.NumStability.higham10_8_absMatrix_symmetric_of_symmetric
NumStability.Algorithms.HighamChapter10	NumStability.higham10_9_pivoted_cholesky_unique	public	uses same-module private	_private.NumStability.Algorithms.HighamChapter10.0.NumStability.higham10_9_upper_product_sum_split
NumStability.Algorithms.HighamChapter10	NumStability.higham10_9_psd_cholesky_existence	public	references a retained declaration	NumStability.psd_cholesky_existence
NumStability.Algorithms.HighamChapter10	NumStability.higham10_9_psd_pivoted_cholesky_rank	public	references a retained declaration	NumStability.psd_pivoted_cholesky_exists
NumStability.Algorithms.HighamChapter10	NumStability.higham10_9_psd_pivoted_cholesky_rank_unique	public	references a retained declaration	NumStability.higham10_9_pivoted_cholesky_unique
NumStability.Algorithms.HighamChapter10	NumStability.higham10_9_scaled_cond_bound	public	references a retained declaration	NumStability.higham10_9_unit_diag_cond_bound
NumStability.Algorithms.HighamChapter10	NumStability.higham10_9_spd_pivoted_cholesky_full_rank	public	references a retained declaration	NumStability.spd_pivoted_cholesky
NumStability.Algorithms.HighamChapter10	NumStability.higham10_9_unit_diag_cond_bound	public	references a retained declaration	NumStability.unit_diag_psd_maxEigenvalue_bounds
NumStability.Algorithms.HighamChapter10	NumStability.higham10_9_van_der_sluis	public	references a retained declaration	NumStability.unit_diag_psd_maxEigenvalue_bounds
NumStability.Algorithms.Cholesky.HighamMathiasSource	NumStability.higham10_mathias_firstRoundedSchur_sourceCondition_exists	public	references a retained declaration	NumStability.higham10_mathias_luSchur_kappaH_le
NumStability.Algorithms.Cholesky.HighamMathiasSource	NumStability.higham10_mathias_flSchur_runsToCompletion	public	references a retained declaration	NumStability.higham10_mathias_firstRoundedSchur_sourceCondition_exists
NumStability.Algorithms.Cholesky.HighamMathiasSource	NumStability.higham10_mathias_luSchur_kappaH_le	public	references a retained declaration	NumStability.higham10_29_stage_operator_le
NumStability.Algorithms.Cholesky.HighamMathiasSource	NumStability.higham10_mathias_luSchur_symPartInv_opNorm2_le	public	references a retained declaration	NumStability.spd_schur_complement_isSymPosDef
NumStability.Algorithms.HighamChapter10	NumStability.higham10_problem_10_4_first_ge_entry_abs_le_initial_max	public	references a retained declaration	NumStability.spd_schur_complement_isSymPosDef
NumStability.Algorithms.HighamChapter10	NumStability.higham10_problem_10_4_first_ge_maxEntryNorm_le	public	references a retained declaration	NumStability.higham10_problem_10_4_first_ge_entry_abs_le_initial_max
NumStability.Algorithms.HighamChapter10	NumStability.higham10_problem_10_4_first_ge_reduced_submatrix_spd	public	references a retained declaration	NumStability.spd_schur_complement_isSymPosDef
NumStability.Algorithms.HighamChapter10	NumStability.higham10_problem_10_4_unpivoted_ge_positive_pivots_and_growth	public	references a retained declaration	NumStability.higham10_problem_10_4_first_ge_maxEntryNorm_le
NumStability.Algorithms.HighamChapter10	NumStability.kahanR_tail_eq	public	uses same-module private	_private.NumStability.Algorithms.HighamChapter10.0.NumStability.kahan_telescope
NumStability.Algorithms.HighamChapter10	NumStability.min_eig_scaled_bordered_floor	public	references a retained declaration	NumStability.finiteMinEigenvalue_leading_principal_ge
NumStability.Algorithms.Cholesky.CholeskyNonsym	NumStability.nonsymPosDef_leading_principal	public	uses same-module private	_private.NumStability.Algorithms.Cholesky.CholeskyNonsym.0.NumStability.sum_zero_off_lt
NumStability.Algorithms.Cholesky.CholeskyPSD	NumStability.psd_abs_entry_le_maxdiag	public	references a retained declaration	NumStability.psd_abs_entry_le_sqrt_diag
NumStability.Algorithms.Cholesky.CholeskyPSD	NumStability.psd_abs_entry_le_sqrt_diag	public	uses same-module private	_private.NumStability.Algorithms.Cholesky.CholeskyPSD.0.NumStability.quadForm_two_point
NumStability.Algorithms.Cholesky.CholeskyPSD	NumStability.psd_all_diag_zero	public	uses same-module private	_private.NumStability.Algorithms.Cholesky.CholeskyPSD.0.NumStability.quadForm_two_point
NumStability.Algorithms.Cholesky.CholeskyPSD	NumStability.psd_cholesky_existence	public	uses same-module private	_private.NumStability.Algorithms.Cholesky.CholeskyPSD.0.NumStability.psd_diag_nonneg
NumStability.Algorithms.Cholesky.CholeskyPSD	NumStability.psd_pivoted_cholesky_exists	public	uses same-module private	_private.NumStability.Algorithms.Cholesky.CholeskyPSD.0.NumStability.psd_diag_nonneg
NumStability.Algorithms.Cholesky.CholeskyPSD	NumStability.psd_pivoted_cholesky_exists_cp	public	uses same-module private	_private.NumStability.Algorithms.Cholesky.CholeskyPSD.0.NumStability.psd_diag_nonneg
NumStability.Algorithms.Cholesky.CholeskyPSD	NumStability.psd_pivoted_cholesky_exists_tail	public	uses same-module private	_private.NumStability.Algorithms.Cholesky.CholeskyPSD.0.NumStability.psd_diag_nonneg
NumStability.Algorithms.Cholesky.CholeskyPSD	NumStability.psd_quadForm_le_card_maxdiag	public	references a retained declaration	NumStability.psd_quadForm_le_trace
NumStability.Algorithms.Cholesky.CholeskyPSD	NumStability.psd_quadForm_le_trace	public	references a retained declaration	NumStability.psd_abs_entry_le_sqrt_diag
NumStability.Algorithms.Cholesky.CholeskyNonsym	NumStability.quadForm_zero_pad_eq	public	uses same-module private	_private.NumStability.Algorithms.Cholesky.CholeskyNonsym.0.NumStability.sum_zero_off_lt
NumStability.Algorithms.Cholesky.CholeskyPSD	NumStability.spd_pivoted_cholesky	public	references a retained declaration	NumStability.cholesky_existence
NumStability.Algorithms.Cholesky.CholeskySpec	NumStability.spd_schur_complement_isSymPosDef	public	uses same-module private	_private.NumStability.Algorithms.Cholesky.CholeskySpec.0.NumStability.schur_pd
NumStability.Algorithms.HighamChapter10	NumStability.stage_interior_mass_from_full	public	references a retained declaration	NumStability.quadForm_zero_pad_eq
NumStability.Algorithms.Cholesky.CholeskyNonsym	NumStability.sum_sq_zero_pad_eq	public	uses same-module private	_private.NumStability.Algorithms.Cholesky.CholeskyNonsym.0.NumStability.sum_zero_off_lt
NumStability.Algorithms.HighamChapter10	NumStability.unit_diag_psd_maxEigenvalue_bounds	public	references a retained declaration	NumStability.psd_quadForm_le_trace
NumStability.Algorithms.Ch10ComplexPositiveDefiniteSourceClosure	_private.NumStability.Algorithms.Ch10ComplexPositiveDefiniteSourceClosure.0.NumStability.higham10_30_borderedRealMatrix	private	private	mangled name encodes the defining module
NumStability.Algorithms.Ch10ComplexPositiveDefiniteSourceClosure	_private.NumStability.Algorithms.Ch10ComplexPositiveDefiniteSourceClosure.0.NumStability.higham10_30_bordered_inverse_energy_lt	private	private	mangled name encodes the defining module
NumStability.Algorithms.Ch10ComplexPositiveDefiniteSourceClosure	_private.NumStability.Algorithms.Ch10ComplexPositiveDefiniteSourceClosure.0.NumStability.higham10_30_complexBlockSchur_re_im_posDef	private	private	mangled name encodes the defining module
NumStability.Algorithms.Ch10ComplexPositiveDefiniteSourceClosure	_private.NumStability.Algorithms.Ch10ComplexPositiveDefiniteSourceClosure.0.NumStability.higham10_30_complexEnergy_im_fintype	private	private	mangled name encodes the defining module
NumStability.Algorithms.Ch10ComplexPositiveDefiniteSourceClosure	_private.NumStability.Algorithms.Ch10ComplexPositiveDefiniteSourceClosure.0.NumStability.higham10_30_complexEnergy_re_fintype	private	private	mangled name encodes the defining module
NumStability.Algorithms.Ch10ComplexPositiveDefiniteSourceClosure	_private.NumStability.Algorithms.Ch10ComplexPositiveDefiniteSourceClosure.0.NumStability.higham10_30_complexGammaCounterA	private	private	mangled name encodes the defining module
NumStability.Algorithms.Ch10ComplexPositiveDefiniteSourceClosure	_private.NumStability.Algorithms.Ch10ComplexPositiveDefiniteSourceClosure.0.NumStability.higham10_30_complexGammaCounterB	private	private	mangled name encodes the defining module
NumStability.Algorithms.Ch10ComplexPositiveDefiniteSourceClosure	_private.NumStability.Algorithms.Ch10ComplexPositiveDefiniteSourceClosure.0.NumStability.higham10_30_complexGammaCounterB_spd	private	private	mangled name encodes the defining module
NumStability.Algorithms.Ch10ComplexPositiveDefiniteSourceClosure	_private.NumStability.Algorithms.Ch10ComplexPositiveDefiniteSourceClosure.0.NumStability.higham10_30_complexGammaCounterC	private	private	mangled name encodes the defining module
NumStability.Algorithms.Ch10ComplexPositiveDefiniteSourceClosure	_private.NumStability.Algorithms.Ch10ComplexPositiveDefiniteSourceClosure.0.NumStability.higham10_30_complexGammaCounterC_spd	private	private	mangled name encodes the defining module
NumStability.Algorithms.Ch10ComplexPositiveDefiniteSourceClosure	_private.NumStability.Algorithms.Ch10ComplexPositiveDefiniteSourceClosure.0.NumStability.higham10_30_complexGammaCounterFP	private	private	mangled name encodes the defining module
NumStability.Algorithms.Ch10ComplexPositiveDefiniteSourceClosure	_private.NumStability.Algorithms.Ch10ComplexPositiveDefiniteSourceClosure.0.NumStability.higham10_30_complexGammaCounter_L10	private	private	mangled name encodes the defining module
NumStability.Algorithms.Ch10ComplexPositiveDefiniteSourceClosure	_private.NumStability.Algorithms.Ch10ComplexPositiveDefiniteSourceClosure.0.NumStability.higham10_30_complexGammaCounter_U00	private	private	mangled name encodes the defining module
NumStability.Algorithms.Ch10ComplexPositiveDefiniteSourceClosure	_private.NumStability.Algorithms.Ch10ComplexPositiveDefiniteSourceClosure.0.NumStability.higham10_30_complexGammaCounter_U10	private	private	mangled name encodes the defining module
NumStability.Algorithms.Ch10ComplexPositiveDefiniteSourceClosure	_private.NumStability.Algorithms.Ch10ComplexPositiveDefiniteSourceClosure.0.NumStability.higham10_30_complexGammaCounter_gamma	private	private	mangled name encodes the defining module
NumStability.Algorithms.Ch10ComplexPositiveDefiniteSourceClosure	_private.NumStability.Algorithms.Ch10ComplexPositiveDefiniteSourceClosure.0.NumStability.higham10_30_complexGammaCounter_gammaValid	private	private	mangled name encodes the defining module
NumStability.Algorithms.Ch10ComplexPositiveDefiniteSourceClosure	_private.NumStability.Algorithms.Ch10ComplexPositiveDefiniteSourceClosure.0.NumStability.higham10_30_complexGammaCounter_radius_lower_bound	private	private	mangled name encodes the defining module
NumStability.Algorithms.Ch10ComplexPositiveDefiniteSourceClosure	_private.NumStability.Algorithms.Ch10ComplexPositiveDefiniteSourceClosure.0.NumStability.higham10_30_complexVector_re_or_im_nonzero	private	private	mangled name encodes the defining module
NumStability.Algorithms.Ch10ComplexPositiveDefiniteSourceClosure	_private.NumStability.Algorithms.Ch10ComplexPositiveDefiniteSourceClosure.0.NumStability.higham10_30_complex_U_entry_eq_leading_schur	private	private	mangled name encodes the defining module
NumStability.Algorithms.Ch10ComplexPositiveDefiniteSourceClosure	_private.NumStability.Algorithms.Ch10ComplexPositiveDefiniteSourceClosure.0.NumStability.higham10_30_complex_borderedMinor_eq_pivots_mul_U	private	private	mangled name encodes the defining module
NumStability.Algorithms.Ch10ComplexPositiveDefiniteSourceClosure	_private.NumStability.Algorithms.Ch10ComplexPositiveDefiniteSourceClosure.0.NumStability.higham10_30_complex_borderedU_det	private	private	mangled name encodes the defining module
NumStability.Algorithms.Ch10ComplexPositiveDefiniteSourceClosure	_private.NumStability.Algorithms.Ch10ComplexPositiveDefiniteSourceClosure.0.NumStability.higham10_30_complex_inverse_eq_X_minus_iY	private	private	mangled name encodes the defining module
NumStability.Algorithms.Ch10ComplexPositiveDefiniteSourceClosure	_private.NumStability.Algorithms.Ch10ComplexPositiveDefiniteSourceClosure.0.NumStability.higham10_30_complex_leadingRows_mul_of_lower_left	private	private	mangled name encodes the defining module
NumStability.Algorithms.Ch10ComplexPositiveDefiniteSourceClosure	_private.NumStability.Algorithms.Ch10ComplexPositiveDefiniteSourceClosure.0.NumStability.higham10_30_complex_leading_det_eq_prod_U_diag	private	private	mangled name encodes the defining module
NumStability.Algorithms.Ch10ComplexPositiveDefiniteSourceClosure	_private.NumStability.Algorithms.Ch10ComplexPositiveDefiniteSourceClosure.0.NumStability.higham10_30_imag_schur_scalar_pos	private	private	mangled name encodes the defining module
NumStability.Algorithms.Ch10ComplexPositiveDefiniteSourceClosure	_private.NumStability.Algorithms.Ch10ComplexPositiveDefiniteSourceClosure.0.NumStability.higham10_30_input_complexMaxEntryNorm_pos	private	private	mangled name encodes the defining module
NumStability.Algorithms.Ch10ComplexPositiveDefiniteSourceClosure	_private.NumStability.Algorithms.Ch10ComplexPositiveDefiniteSourceClosure.0.NumStability.higham10_30_inverseX	private	private	mangled name encodes the defining module
NumStability.Algorithms.Ch10ComplexPositiveDefiniteSourceClosure	_private.NumStability.Algorithms.Ch10ComplexPositiveDefiniteSourceClosure.0.NumStability.higham10_30_inverseX_energy_two_lt_border	private	private	mangled name encodes the defining module
NumStability.Algorithms.Ch10ComplexPositiveDefiniteSourceClosure	_private.NumStability.Algorithms.Ch10ComplexPositiveDefiniteSourceClosure.0.NumStability.higham10_30_inverseX_posDef	private	private	mangled name encodes the defining module
NumStability.Algorithms.Ch10ComplexPositiveDefiniteSourceClosure	_private.NumStability.Algorithms.Ch10ComplexPositiveDefiniteSourceClosure.0.NumStability.higham10_30_inverseY	private	private	mangled name encodes the defining module
NumStability.Algorithms.Ch10ComplexPositiveDefiniteSourceClosure	_private.NumStability.Algorithms.Ch10ComplexPositiveDefiniteSourceClosure.0.NumStability.higham10_30_inverseY_energy_two_lt_border	private	private	mangled name encodes the defining module
NumStability.Algorithms.Ch10ComplexPositiveDefiniteSourceClosure	_private.NumStability.Algorithms.Ch10ComplexPositiveDefiniteSourceClosure.0.NumStability.higham10_30_inverseY_eq_swappedX	private	private	mangled name encodes the defining module
NumStability.Algorithms.Ch10ComplexPositiveDefiniteSourceClosure	_private.NumStability.Algorithms.Ch10ComplexPositiveDefiniteSourceClosure.0.NumStability.higham10_30_inverseY_posDef	private	private	mangled name encodes the defining module
NumStability.Algorithms.Ch10ComplexPositiveDefiniteSourceClosure	_private.NumStability.Algorithms.Ch10ComplexPositiveDefiniteSourceClosure.0.NumStability.higham10_30_inverse_real_part_upper	private	private	mangled name encodes the defining module
NumStability.Algorithms.Ch10ComplexPositiveDefiniteSourceClosure	_private.NumStability.Algorithms.Ch10ComplexPositiveDefiniteSourceClosure.0.NumStability.higham10_30_inverse_split_equations	private	private	mangled name encodes the defining module
NumStability.Algorithms.Ch10ComplexPositiveDefiniteSourceClosure	_private.NumStability.Algorithms.Ch10ComplexPositiveDefiniteSourceClosure.0.NumStability.higham10_30_matrixPosDef_to_isSymPosDef	private	private	mangled name encodes the defining module
NumStability.Algorithms.Ch10ComplexPositiveDefiniteSourceClosure	_private.NumStability.Algorithms.Ch10ComplexPositiveDefiniteSourceClosure.0.NumStability.higham10_30_posDef_entry_sq_le_diag_mul_diag	private	private	mangled name encodes the defining module
NumStability.Algorithms.Ch10ComplexPositiveDefiniteSourceClosure	_private.NumStability.Algorithms.Ch10ComplexPositiveDefiniteSourceClosure.0.NumStability.higham10_30_posDef_inverse_anti	private	private	mangled name encodes the defining module
NumStability.Algorithms.Ch10ComplexPositiveDefiniteSourceClosure	_private.NumStability.Algorithms.Ch10ComplexPositiveDefiniteSourceClosure.0.NumStability.higham10_30_principal_border_at_posDef	private	private	mangled name encodes the defining module
NumStability.Algorithms.Ch10ComplexPositiveDefiniteSourceClosure	_private.NumStability.Algorithms.Ch10ComplexPositiveDefiniteSourceClosure.0.NumStability.higham10_30_principal_border_posDef	private	private	mangled name encodes the defining module
NumStability.Algorithms.Ch10ComplexPositiveDefiniteSourceClosure	_private.NumStability.Algorithms.Ch10ComplexPositiveDefiniteSourceClosure.0.NumStability.higham10_30_realQuadForm_nonneg_of_spd	private	private	mangled name encodes the defining module
NumStability.Algorithms.Ch10ComplexPositiveDefiniteSourceClosure	_private.NumStability.Algorithms.Ch10ComplexPositiveDefiniteSourceClosure.0.NumStability.higham10_30_real_schur_scalar_pos	private	private	mangled name encodes the defining module
NumStability.Algorithms.Ch10ComplexPositiveDefiniteSourceClosure	_private.NumStability.Algorithms.Ch10ComplexPositiveDefiniteSourceClosure.0.NumStability.higham10_30_sourceDiagonalRep_norm_lt_three_max	private	private	mangled name encodes the defining module
NumStability.Algorithms.Ch10ComplexPositiveDefiniteSourceClosure	_private.NumStability.Algorithms.Ch10ComplexPositiveDefiniteSourceClosure.0.NumStability.higham10_30_sourceSchurDiagonalRep_of_leading	private	private	mangled name encodes the defining module
NumStability.Algorithms.Ch10ComplexPositiveDefiniteSourceClosure	_private.NumStability.Algorithms.Ch10ComplexPositiveDefiniteSourceClosure.0.NumStability.higham10_30_sourceUpperEntryRep_norm_lt_three_max	private	private	mangled name encodes the defining module
NumStability.Algorithms.Ch10ComplexPositiveDefiniteSourceClosure	_private.NumStability.Algorithms.Ch10ComplexPositiveDefiniteSourceClosure.0.NumStability.higham10_30_sourceUpperEntryRep_of_exactLU	private	private	mangled name encodes the defining module
NumStability.Algorithms.Ch10ComplexPositiveDefiniteSourceClosure	_private.NumStability.Algorithms.Ch10ComplexPositiveDefiniteSourceClosure.0.NumStability.higham10_30_symmetric_cross_sum_eq	private	private	mangled name encodes the defining module
NumStability.Algorithms.Ch10ComplexPositiveDefiniteSourceClosure	_private.NumStability.Algorithms.Ch10ComplexPositiveDefiniteSourceClosure.0.NumStability.higham10_30_symmetric_cross_sum_sub_eq_zero	private	private	mangled name encodes the defining module
NumStability.Algorithms.Ch10ComplexPositiveDefiniteSourceClosure	_private.NumStability.Algorithms.Ch10ComplexPositiveDefiniteSourceClosure.0.NumStability.higham10_30_symmetric_cross_sum_sub_eq_zero_fintype	private	private	mangled name encodes the defining module
NumStability.Algorithms.Ch10ComplexPositiveDefiniteSourceClosure	_private.NumStability.Algorithms.Ch10ComplexPositiveDefiniteSourceClosure.0.NumStability.higham10_30_symmetric_mulVec_cross_eq	private	private	mangled name encodes the defining module
NumStability.Algorithms.Ch10ComplexPositiveDefiniteSourceClosure	_private.NumStability.Algorithms.Ch10ComplexPositiveDefiniteSourceClosure.0.NumStability.higham10_30_symmetric_mulVec_cross_eq_fintype	private	private	mangled name encodes the defining module
NumStability.Algorithms.Ch10ComplexPositiveDefiniteSourceClosure	_private.NumStability.Algorithms.Ch10ComplexPositiveDefiniteSourceClosure.0.NumStability.higham10_30_twoTrailingPrincipal_posDef	private	private	mangled name encodes the defining module
NumStability.Algorithms.Ch10KahanSharpnessSource	_private.NumStability.Algorithms.Ch10KahanSharpnessSource.0.NumStability.complexMatrixOp2_vecMulVec	private	private	mangled name encodes the defining module
NumStability.Algorithms.Ch10KahanSharpnessSource	_private.NumStability.Algorithms.Ch10KahanSharpnessSource.0.NumStability.higham10Kahan_geometric_segment	private	private	mangled name encodes the defining module
NumStability.Algorithms.Ch10Theorem108Componentwise	_private.NumStability.Algorithms.Ch10Theorem108Componentwise.0.NumStability.higham10_8_absMatrix_symmetric_of_symmetric	private	private	mangled name encodes the defining module
NumStability.Algorithms.Ch10Theorem108Componentwise	_private.NumStability.Algorithms.Ch10Theorem108Componentwise.0.NumStability.higham10_8_matSub_id_symmetric	private	private	mangled name encodes the defining module
NumStability.Algorithms.Ch10Theorem108Componentwise	_private.NumStability.Algorithms.Ch10Theorem108Componentwise.0.NumStability.higham10_8_one_sub_le_recip_sub_abs	private	private	mangled name encodes the defining module
NumStability.Algorithms.Ch10Theorem108Componentwise	_private.NumStability.Algorithms.Ch10Theorem108Componentwise.0.NumStability.higham10_8_recip_abs_le_one_add_gap	private	private	mangled name encodes the defining module
NumStability.Algorithms.Ch10Theorem108Componentwise	_private.NumStability.Algorithms.Ch10Theorem108Componentwise.0.NumStability.higham10_8_resolvent_commutes	private	private	mangled name encodes the defining module
NumStability.Algorithms.Ch10Theorem108Componentwise	_private.NumStability.Algorithms.Ch10Theorem108Componentwise.0.NumStability.higham10_8_right_resolvent_majorant_id	private	private	mangled name encodes the defining module
NumStability.Algorithms.Cholesky.CholeskyFl	_private.NumStability.Algorithms.Cholesky.CholeskyFl.0.NumStability.chol_cert_core	private	private	mangled name encodes the defining module
NumStability.Algorithms.Cholesky.CholeskyFl	_private.NumStability.Algorithms.Cholesky.CholeskyFl.0.NumStability.chol_term_factor_bound	private	private	mangled name encodes the defining module
NumStability.Algorithms.Cholesky.CholeskyFl	_private.NumStability.Algorithms.Cholesky.CholeskyFl.0.NumStability.counter_one	private	private	mangled name encodes the defining module
NumStability.Algorithms.Cholesky.CholeskyFl	_private.NumStability.Algorithms.Cholesky.CholeskyFl.0.NumStability.counter_plain_prod	private	private	mangled name encodes the defining module
NumStability.Algorithms.Cholesky.CholeskyFl	_private.NumStability.Algorithms.Cholesky.CholeskyFl.0.NumStability.fl_cholesky_entry_bound	private	private	mangled name encodes the defining module
NumStability.Algorithms.Cholesky.CholeskyFl	_private.NumStability.Algorithms.Cholesky.CholeskyFl.0.NumStability.one_add_pos_of_abs_le_u	private	private	mangled name encodes the defining module
NumStability.Algorithms.Cholesky.CholeskyFl	_private.NumStability.Algorithms.Cholesky.CholeskyFl.0.NumStability.suffix_mul_prefix_eq_prod	private	private	mangled name encodes the defining module
NumStability.Algorithms.Cholesky.CholeskyFl	_private.NumStability.Algorithms.Cholesky.CholeskyFl.0.NumStability.sum_truncate_at	private	private	mangled name encodes the defining module
NumStability.Algorithms.Cholesky.CholeskyFl	_private.NumStability.Algorithms.Cholesky.CholeskyFl.0.NumStability.u_lt_one_of_gammaValid_succ	private	private	mangled name encodes the defining module
NumStability.Algorithms.Cholesky.CholeskyNonsym	_private.NumStability.Algorithms.Cholesky.CholeskyNonsym.0.NumStability.sum_zero_off_lt	private	private	mangled name encodes the defining module
NumStability.Algorithms.Cholesky.CholeskyPSD	_private.NumStability.Algorithms.Cholesky.CholeskyPSD.0.NumStability.psd_diag_nonneg	private	private	mangled name encodes the defining module
NumStability.Algorithms.Cholesky.CholeskyPSD	_private.NumStability.Algorithms.Cholesky.CholeskyPSD.0.NumStability.psd_zero_diag_row_zero	private	private	mangled name encodes the defining module
NumStability.Algorithms.Cholesky.CholeskyPSD	_private.NumStability.Algorithms.Cholesky.CholeskyPSD.0.NumStability.quadForm_two_point	private	private	mangled name encodes the defining module
NumStability.Algorithms.Cholesky.CholeskyPSD	_private.NumStability.Algorithms.Cholesky.CholeskyPSD.0.NumStability.sum_filter_succ_tail	private	private	mangled name encodes the defining module
NumStability.Algorithms.Cholesky.CholeskySpec	_private.NumStability.Algorithms.Cholesky.CholeskySpec.0.NumStability.cholesky_factor_uniqueness	private	private	mangled name encodes the defining module
NumStability.Algorithms.Cholesky.CholeskySpec	_private.NumStability.Algorithms.Cholesky.CholeskySpec.0.NumStability.schur_pd	private	private	mangled name encodes the defining module
NumStability.Algorithms.Cholesky.CholeskySpec	_private.NumStability.Algorithms.Cholesky.CholeskySpec.0.NumStability.schur_sym	private	private	mangled name encodes the defining module
NumStability.Algorithms.Cholesky.CholeskySpec	_private.NumStability.Algorithms.Cholesky.CholeskySpec.0.NumStability.spd_diag_pos	private	private	mangled name encodes the defining module
NumStability.Algorithms.Cholesky.Higham1014Equation1022	_private.NumStability.Algorithms.Cholesky.Higham1014Equation1022.0.NumStability.higham10_14_abs_entry_le_of_rectOpNorm2Le	private	private	mangled name encodes the defining module
NumStability.Algorithms.Cholesky.Higham1014Equation1022	_private.NumStability.Algorithms.Cholesky.Higham1014Equation1022.0.NumStability.higham10_14_rectOpNorm2Le_add	private	private	mangled name encodes the defining module
NumStability.Algorithms.Cholesky.Higham1014Equation1022	_private.NumStability.Algorithms.Cholesky.Higham1014Equation1022.0.NumStability.higham10_14_rectOpNorm2Le_neg	private	private	mangled name encodes the defining module
NumStability.Algorithms.Cholesky.Higham1014SourceError	_private.NumStability.Algorithms.Cholesky.Higham1014SourceError.0.NumStability.higham10_14_cert_core	private	private	mangled name encodes the defining module
NumStability.Algorithms.Cholesky.Higham1014SourceError	_private.NumStability.Algorithms.Cholesky.Higham1014SourceError.0.NumStability.higham10_14_entry_bound	private	private	mangled name encodes the defining module
NumStability.Algorithms.Cholesky.Higham1014SourceError	_private.NumStability.Algorithms.Cholesky.Higham1014SourceError.0.NumStability.higham10_14_opNorm2Le_neg	private	private	mangled name encodes the defining module
NumStability.Algorithms.Cholesky.Higham1014SourceError	_private.NumStability.Algorithms.Cholesky.Higham1014SourceError.0.NumStability.higham10_14_sqrt_nat_le_nat	private	private	mangled name encodes the defining module
NumStability.Algorithms.Cholesky.Higham1014SourceError	_private.NumStability.Algorithms.Cholesky.Higham1014SourceError.0.NumStability.higham10_14_sum_truncate_at	private	private	mangled name encodes the defining module
NumStability.Algorithms.Cholesky.Higham1014SourceError	_private.NumStability.Algorithms.Cholesky.Higham1014SourceError.0.NumStability.higham10_14_trunc_abs_gram	private	private	mangled name encodes the defining module
NumStability.Algorithms.Cholesky.Higham1014SourceError	_private.NumStability.Algorithms.Cholesky.Higham1014SourceError.0.NumStability.higham10_14_trunc_abs_gram_computed	private	private	mangled name encodes the defining module
NumStability.Algorithms.Cholesky.Higham1014SourceError	_private.NumStability.Algorithms.Cholesky.Higham1014SourceError.0.NumStability.higham10_14_zeroRowPad_opNorm2Le	private	private	mangled name encodes the defining module
NumStability.Algorithms.HighamChapter10	_private.NumStability.Algorithms.HighamChapter10.0.NumStability.higham10_18_row_cast	private	private	mangled name encodes the defining module
NumStability.Algorithms.HighamChapter10	_private.NumStability.Algorithms.HighamChapter10.0.NumStability.higham10_18_row_nat	private	private	mangled name encodes the defining module
NumStability.Algorithms.HighamChapter10	_private.NumStability.Algorithms.HighamChapter10.0.NumStability.higham10_9_upper_product_sum_split	private	private	mangled name encodes the defining module
NumStability.Algorithms.HighamChapter10	_private.NumStability.Algorithms.HighamChapter10.0.NumStability.kahan_telescope	private	private	mangled name encodes the defining module
