task_id,source_cluster,outcome_aware_retained,score,foundation,computation,analysis,statement_roles,proof_roles,direct_proof_declaration_count,proof_lines_gain_pct,proof_time_gain_pct,formalization_time_gain_pct,total_time_gain_pct,total_tokens_gain_pct
CAST08-FIXED3,CAST08,True,3,1,1,1,2,3,9,32.0,42.90349122780566,8.567067770600001,35.929523617185616,-122.72098385857034
P14-T1,P14,False,2,1,1,0,2,2,7,-12.935323383084578,34.11742592100222,2.6224017324862903,24.945738410282402,-47.86234464380068
HI21-LEM2.2,HI21,False,1,0,1,0,1,1,4,-25.641025641025642,-27.277603351130427,-52.57860289717787,-47.11291398316175,-182.5549796185396
CAST08-PROP3.1,CAST08,True,3,1,1,1,2,3,9,46.38069705093834,46.36215608550516,-6.102373322009077,35.46254062548555,-33.627132926058565
P14-T2,P14,False,2,1,0,1,0,2,13,5.21978021978022,17.868657907740108,0.545111299843168,14.636309400955538,-4.243788450875294
RUMP12-THM3.4,RUMP12,True,3,1,1,1,2,3,39,44.40734557595993,30.843031098829144,-47.578717014356265,21.018297707970707,0.08285917026237268
P14-LOGSUMEXP,P14,False,3,1,1,1,2,3,8,-25.980392156862745,5.03777694124325,28.4929488530403,10.49653856152489,-18.137914070186948
H20-8,H20,True,3,1,1,1,2,3,26,31.275720164609055,65.59334748863681,-11.902905352283753,55.539239724928755,39.11249171266603
P14-ALT-SOFTMAX,P14,False,3,1,1,1,2,3,12,-15.66579634464752,-5.738431244847436,20.054875681208642,-1.3790851437330491,-4.078715710959242
CAST08-PROP3.2,CAST08,True,3,1,1,1,2,3,11,25.53191489361702,35.43705077704322,20.190998679950752,31.625166218268603,-164.22339854561528
P14-SHIFTED-SUM,P14,False,0,0,0,0,0,0,0,10.315186246418339,46.969204517147105,1.2650355442732868,39.316586240243005,51.29265852535294
P14-SHIFTED-LOG,P14,False,3,1,1,1,2,3,11,5.764966740576496,-1.1720926539567733,-83.23543692003678,-13.54003489148757,14.78174679400985
P14-SHIFTED-SOFTMAX,P14,False,1,1,0,0,1,1,3,-2.494802494802495,-0.3241151085249163,-23.07736821145821,-3.7974440331566632,-10.96124741542856
P14-SHIFTED-WEIGHTED,P14,False,2,1,0,1,0,2,8,-30.689655172413794,-29.549493635916704,-43.07020367675727,-32.51975969535135,16.83719914066198
HI21-EQ2.7,HI21,False,3,1,1,1,1,3,12,-12.056737588652481,19.174849384865276,-101.60281081864588,-11.882725339070632,-165.22526562715606
