module	path	wave_id	lane_id	inventory_source	frozen_proposed_tier	frozen_proposed_family	review_status
NumStability.Algorithms.AitkenDenominator	NumStability/Algorithms/AitkenDenominator.lean	W02	remote-lane	frozen-proposal	reusable	NumStability.Algorithms.AitkenDenominator	frozen_proposal_requires_refresh
NumStability.Algorithms.BlockDotProduct	NumStability/Algorithms/BlockDotProduct.lean	W02	remote-lane	frozen-proposal	reusable	NumStability.Algorithms.BlockDotProduct	frozen_proposal_requires_refresh
NumStability.Algorithms.Ch10ActualSourceClosure	NumStability/Algorithms/Ch10ActualSourceClosure.lean	W03	local-lane	frozen-proposal	source	NumStability.Source.Higham.Chapter10	frozen_proposal_requires_refresh
NumStability.Algorithms.Ch10Ch14Lemma66Op2Bridge	NumStability/Algorithms/Ch10Ch14Lemma66Op2Bridge.lean	W03	local-lane	frozen-proposal	source	NumStability.Source.Higham.Chapter10	frozen_proposal_requires_refresh
NumStability.Algorithms.Ch10ComplexPositiveDefiniteSourceClosure	NumStability/Algorithms/Ch10ComplexPositiveDefiniteSourceClosure.lean	W03	local-lane	frozen-proposal	source	NumStability.Source.Higham.Chapter10	frozen_proposal_requires_refresh
NumStability.Algorithms.Ch10KahanSharpness	NumStability/Algorithms/Ch10KahanSharpness.lean	W03	local-lane	frozen-proposal	source	NumStability.Source.Higham.Chapter10	frozen_proposal_requires_refresh
NumStability.Algorithms.Ch10KahanSharpnessSource	NumStability/Algorithms/Ch10KahanSharpnessSource.lean	W03	local-lane	frozen-proposal	source	NumStability.Source.Higham.Chapter10	frozen_proposal_requires_refresh
NumStability.Algorithms.Ch10Lemma1011Source	NumStability/Algorithms/Ch10Lemma1011Source.lean	W03	local-lane	frozen-proposal	source	NumStability.Source.Higham.Chapter10	frozen_proposal_requires_refresh
NumStability.Algorithms.Ch10PivotedPSDSourceClosure	NumStability/Algorithms/Ch10PivotedPSDSourceClosure.lean	W03	local-lane	frozen-proposal	source	NumStability.Source.Higham.Chapter10	frozen_proposal_requires_refresh
NumStability.Algorithms.Ch10Theorem107FailureVacuity	NumStability/Algorithms/Ch10Theorem107FailureVacuity.lean	W03	local-lane	frozen-proposal	source	NumStability.Source.Higham.Chapter10	frozen_proposal_requires_refresh
NumStability.Algorithms.Ch10Theorem108Componentwise	NumStability/Algorithms/Ch10Theorem108Componentwise.lean	W03	local-lane	frozen-proposal	source	NumStability.Source.Higham.Chapter10	frozen_proposal_requires_refresh
NumStability.Algorithms.Ch10Theorem108Source	NumStability/Algorithms/Ch10Theorem108Source.lean	W03	local-lane	frozen-proposal	source	NumStability.Source.Higham.Chapter10	frozen_proposal_requires_refresh
NumStability.Algorithms.Ch14AsymptoticFamilies	NumStability/Algorithms/Ch14AsymptoticFamilies.lean	W08	remote-lane	frozen-proposal	mixed_pending_split	NumStability.Algorithms.MatrixInversion + NumStability.Source.Higham.Chapter14	frozen_proposal_requires_refresh
NumStability.Algorithms.Ch14BlockTriInverse	NumStability/Algorithms/Ch14BlockTriInverse.lean	W08	remote-lane	frozen-proposal	source	NumStability.Source.Higham.Chapter14	frozen_proposal_requires_refresh
NumStability.Algorithms.Ch14Cor146UniformInverseBridge	NumStability/Algorithms/Ch14Cor146UniformInverseBridge.lean	W08	remote-lane	frozen-proposal	source	NumStability.Source.Higham.Chapter14	frozen_proposal_requires_refresh
NumStability.Algorithms.Ch14Cor147FinalDivisionFamilyClosure	NumStability/Algorithms/Ch14Cor147FinalDivisionFamilyClosure.lean	W08	remote-lane	frozen-proposal	source	NumStability.Source.Higham.Chapter14	frozen_proposal_requires_refresh
NumStability.Algorithms.Ch14Cor147SourceDomainConstructor	NumStability/Algorithms/Ch14Cor147SourceDomainConstructor.lean	W08	remote-lane	frozen-proposal	source	NumStability.Source.Higham.Chapter14	frozen_proposal_requires_refresh
NumStability.Algorithms.Ch14Corollary146Closure	NumStability/Algorithms/Ch14Corollary146Closure.lean	W08	remote-lane	frozen-proposal	source	NumStability.Source.Higham.Chapter14	frozen_proposal_requires_refresh
NumStability.Algorithms.Ch14Corollary146Concrete	NumStability/Algorithms/Ch14Corollary146Concrete.lean	W08	remote-lane	frozen-proposal	source	NumStability.Source.Higham.Chapter14	frozen_proposal_requires_refresh
NumStability.Algorithms.Ch14Corollary146SourceClosure	NumStability/Algorithms/Ch14Corollary146SourceClosure.lean	W08	remote-lane	frozen-proposal	source	NumStability.Source.Higham.Chapter14	frozen_proposal_requires_refresh
NumStability.Algorithms.Ch14Corollary147	NumStability/Algorithms/Ch14Corollary147.lean	W08	remote-lane	frozen-proposal	source	NumStability.Source.Higham.Chapter14	frozen_proposal_requires_refresh
NumStability.Algorithms.Ch14Corollary147Closure	NumStability/Algorithms/Ch14Corollary147Closure.lean	W08	remote-lane	frozen-proposal	source	NumStability.Source.Higham.Chapter14	frozen_proposal_requires_refresh
NumStability.Algorithms.Ch14Corollary147Concrete	NumStability/Algorithms/Ch14Corollary147Concrete.lean	W08	remote-lane	frozen-proposal	source	NumStability.Source.Higham.Chapter14	frozen_proposal_requires_refresh
NumStability.Algorithms.Ch14Corollary147SourceClosure	NumStability/Algorithms/Ch14Corollary147SourceClosure.lean	W08	remote-lane	frozen-proposal	source	NumStability.Source.Higham.Chapter14	frozen_proposal_requires_refresh
NumStability.Algorithms.Ch14Corollary147WeakFamily	NumStability/Algorithms/Ch14Corollary147WeakFamily.lean	W08	remote-lane	frozen-proposal	source	NumStability.Source.Higham.Chapter14	frozen_proposal_requires_refresh
NumStability.Algorithms.Ch14ForwardErrorEndpoint	NumStability/Algorithms/Ch14ForwardErrorEndpoint.lean	W08	remote-lane	frozen-proposal	source	NumStability.Source.Higham.Chapter14	frozen_proposal_requires_refresh
NumStability.Algorithms.Ch14GJEActualDoolittleAdapter	NumStability/Algorithms/Ch14GJEActualDoolittleAdapter.lean	W08	remote-lane	frozen-proposal	source	NumStability.Source.Higham.Chapter14	frozen_proposal_requires_refresh
NumStability.Algorithms.Ch14GJEAsymptoticFamilies	NumStability/Algorithms/Ch14GJEAsymptoticFamilies.lean	W08	remote-lane	frozen-proposal	source	NumStability.Source.Higham.Chapter14	frozen_proposal_requires_refresh
NumStability.Algorithms.Ch14GJEFinalDivisionClosure	NumStability/Algorithms/Ch14GJEFinalDivisionClosure.lean	W08	remote-lane	frozen-proposal	source	NumStability.Source.Higham.Chapter14	frozen_proposal_requires_refresh
NumStability.Algorithms.Ch14GJEOperationalBridge	NumStability/Algorithms/Ch14GJEOperationalBridge.lean	W08	remote-lane	frozen-proposal	source	NumStability.Source.Higham.Chapter14	frozen_proposal_requires_refresh
NumStability.Algorithms.Ch14GJEPrintedEnvelopeClosure	NumStability/Algorithms/Ch14GJEPrintedEnvelopeClosure.lean	W08	remote-lane	frozen-proposal	source	NumStability.Source.Higham.Chapter14	frozen_proposal_requires_refresh
NumStability.Algorithms.Ch14GJESourceAccumulationBridge	NumStability/Algorithms/Ch14GJESourceAccumulationBridge.lean	W08	remote-lane	frozen-proposal	source	NumStability.Source.Higham.Chapter14	frozen_proposal_requires_refresh
NumStability.Algorithms.Ch14GJETheorem145SourceClosure	NumStability/Algorithms/Ch14GJETheorem145SourceClosure.lean	W08	remote-lane	frozen-proposal	source	NumStability.Source.Higham.Chapter14	frozen_proposal_requires_refresh
NumStability.Algorithms.Ch14GaussJordanAccumulation	NumStability/Algorithms/Ch14GaussJordanAccumulation.lean	W08	remote-lane	frozen-proposal	source	NumStability.Source.Higham.Chapter14	frozen_proposal_requires_refresh
NumStability.Algorithms.Ch14GaussJordanQConstruction	NumStability/Algorithms/Ch14GaussJordanQConstruction.lean	W08	remote-lane	frozen-proposal	source	NumStability.Source.Higham.Chapter14	frozen_proposal_requires_refresh
NumStability.Algorithms.Ch14GaussJordanSPDCorollary	NumStability/Algorithms/Ch14GaussJordanSPDCorollary.lean	W08	remote-lane	frozen-proposal	source	NumStability.Source.Higham.Chapter14	frozen_proposal_requires_refresh
NumStability.Algorithms.Ch14GaussJordanSourceClosure	NumStability/Algorithms/Ch14GaussJordanSourceClosure.lean	W08	remote-lane	frozen-proposal	source	NumStability.Source.Higham.Chapter14	frozen_proposal_requires_refresh
NumStability.Algorithms.Ch14GaussJordanStep	NumStability/Algorithms/Ch14GaussJordanStep.lean	W08	remote-lane	frozen-proposal	source	NumStability.Source.Higham.Chapter14	frozen_proposal_requires_refresh
NumStability.Algorithms.Ch14Method1BWhole	NumStability/Algorithms/Ch14Method1BWhole.lean	W08	remote-lane	frozen-proposal	source	NumStability.Source.Higham.Chapter14	frozen_proposal_requires_refresh
NumStability.Algorithms.Ch14Method2C	NumStability/Algorithms/Ch14Method2C.lean	W08	remote-lane	frozen-proposal	source	NumStability.Source.Higham.Chapter14	frozen_proposal_requires_refresh
NumStability.Algorithms.Ch14Method2CWhole	NumStability/Algorithms/Ch14Method2CWhole.lean	W08	remote-lane	frozen-proposal	source	NumStability.Source.Higham.Chapter14	frozen_proposal_requires_refresh
NumStability.Algorithms.Ch14Method2Loop	NumStability/Algorithms/Ch14Method2Loop.lean	W08	remote-lane	frozen-proposal	source	NumStability.Source.Higham.Chapter14	frozen_proposal_requires_refresh
NumStability.Algorithms.Ch14MethodDLeftResidual	NumStability/Algorithms/Ch14MethodDLeftResidual.lean	W08	remote-lane	frozen-proposal	source	NumStability.Source.Higham.Chapter14	frozen_proposal_requires_refresh
NumStability.Algorithms.Ch14MethodDProductDischarge	NumStability/Algorithms/Ch14MethodDProductDischarge.lean	W08	remote-lane	frozen-proposal	source	NumStability.Source.Higham.Chapter14	frozen_proposal_requires_refresh
NumStability.Algorithms.Ch14MethodDUpperCertificate	NumStability/Algorithms/Ch14MethodDUpperCertificate.lean	W08	remote-lane	frozen-proposal	source	NumStability.Source.Higham.Chapter14	frozen_proposal_requires_refresh
NumStability.Algorithms.Ch14MethodsBC	NumStability/Algorithms/Ch14MethodsBC.lean	W08	remote-lane	frozen-proposal	source	NumStability.Source.Higham.Chapter14	frozen_proposal_requires_refresh
NumStability.Algorithms.Ch14Problem142	NumStability/Algorithms/Ch14Problem142.lean	W08	remote-lane	frozen-proposal	source	NumStability.Source.Higham.Chapter14	frozen_proposal_requires_refresh
NumStability.Algorithms.Ch14Problem142Families	NumStability/Algorithms/Ch14Problem142Families.lean	W08	remote-lane	frozen-proposal	source	NumStability.Source.Higham.Chapter14	frozen_proposal_requires_refresh
NumStability.Algorithms.Ch14Problem142Method2B	NumStability/Algorithms/Ch14Problem142Method2B.lean	W08	remote-lane	frozen-proposal	source	NumStability.Source.Higham.Chapter14	frozen_proposal_requires_refresh
NumStability.Algorithms.Ch14ProductErrorNotation	NumStability/Algorithms/Ch14ProductErrorNotation.lean	W08	remote-lane	frozen-proposal	mixed_pending_split	NumStability.Algorithms.MatrixInversion + NumStability.Source.Higham.Chapter14	frozen_proposal_requires_refresh
NumStability.Algorithms.Ch15CondEstimators	NumStability/Algorithms/Ch15CondEstimators.lean	W10	remote-lane	frozen-proposal	reusable	NumStability.Algorithms.NormEstimation	frozen_proposal_requires_refresh
NumStability.Algorithms.Ch15DixonClosure	NumStability/Algorithms/Ch15DixonClosure.lean	W10	remote-lane	frozen-proposal	source	NumStability.Source.Higham.Chapter15	frozen_proposal_requires_refresh
NumStability.Algorithms.Ch15DixonProbability	NumStability/Algorithms/Ch15DixonProbability.lean	W10	remote-lane	frozen-proposal	source	NumStability.Source.Higham.Chapter15	frozen_proposal_requires_refresh
NumStability.Algorithms.Ch5DerivativeError	NumStability/Algorithms/Ch5DerivativeError.lean	W12	remote-lane	frozen-proposal	source	NumStability.Source.Higham.Chapter05	frozen_proposal_requires_refresh
NumStability.Algorithms.Ch5LejaProducer	NumStability/Algorithms/Ch5LejaProducer.lean	W12	remote-lane	frozen-proposal	source	NumStability.Source.Higham.Chapter05	frozen_proposal_requires_refresh
NumStability.Algorithms.Ch5NewtonForm	NumStability/Algorithms/Ch5NewtonForm.lean	W12	remote-lane	frozen-proposal	source	NumStability.Source.Higham.Chapter05	frozen_proposal_requires_refresh
NumStability.Algorithms.Ch5SourceClosure	NumStability/Algorithms/Ch5SourceClosure.lean	W12	remote-lane	frozen-proposal	source	NumStability.Source.Higham.Chapter05	frozen_proposal_requires_refresh
NumStability.Algorithms.Chapter15CondEst	NumStability/Algorithms/Chapter15CondEst.lean	W10	remote-lane	frozen-proposal	source	NumStability.Source.Higham.Chapter15	frozen_proposal_requires_refresh
NumStability.Algorithms.Cholesky.CholeskyDemmel	NumStability/Algorithms/Cholesky/CholeskyDemmel.lean	W03	local-lane	frozen-proposal	reusable	NumStability.Algorithms.LinearSystems.Cholesky	frozen_proposal_requires_refresh
NumStability.Algorithms.Cholesky.CholeskyFl	NumStability/Algorithms/Cholesky/CholeskyFl.lean	W03	local-lane	frozen-proposal	reusable	NumStability.Algorithms.LinearSystems.Cholesky	frozen_proposal_requires_refresh
NumStability.Algorithms.Cholesky.CholeskyIndefinite	NumStability/Algorithms/Cholesky/CholeskyIndefinite.lean	W03	local-lane	frozen-proposal	reusable	NumStability.Algorithms.LinearSystems.Cholesky	semantic_review_required
NumStability.Algorithms.Cholesky.CholeskyNonsym	NumStability/Algorithms/Cholesky/CholeskyNonsym.lean	W03	local-lane	frozen-proposal	reusable	NumStability.Algorithms.LinearSystems.Cholesky	frozen_proposal_requires_refresh
NumStability.Algorithms.Cholesky.CholeskyPSD	NumStability/Algorithms/Cholesky/CholeskyPSD.lean	W03	local-lane	frozen-proposal	reusable	NumStability.Algorithms.LinearSystems.Cholesky	semantic_review_required
NumStability.Algorithms.Cholesky.CholeskyPerturbation	NumStability/Algorithms/Cholesky/CholeskyPerturbation.lean	W03	local-lane	frozen-proposal	reusable	NumStability.Algorithms.LinearSystems.Cholesky	frozen_proposal_requires_refresh
NumStability.Algorithms.Cholesky.CholeskySolve	NumStability/Algorithms/Cholesky/CholeskySolve.lean	W03	local-lane	frozen-proposal	reusable	NumStability.Algorithms.LinearSystems.Cholesky	frozen_proposal_requires_refresh
NumStability.Algorithms.Cholesky.CholeskySpec	NumStability/Algorithms/Cholesky/CholeskySpec.lean	W03	local-lane	frozen-proposal	reusable	NumStability.Algorithms.LinearSystems.Cholesky	frozen_proposal_requires_refresh
NumStability.Algorithms.Cholesky.Higham1014Equation1022	NumStability/Algorithms/Cholesky/Higham1014Equation1022.lean	W03	local-lane	frozen-proposal	source	NumStability.Source.Higham.Chapter10	frozen_proposal_requires_refresh
NumStability.Algorithms.Cholesky.Higham1014SourceError	NumStability/Algorithms/Cholesky/Higham1014SourceError.lean	W03	local-lane	frozen-proposal	source	NumStability.Source.Higham.Chapter10	frozen_proposal_requires_refresh
NumStability.Algorithms.Cholesky.Higham1014SourceSuccess	NumStability/Algorithms/Cholesky/Higham1014SourceSuccess.lean	W03	local-lane	frozen-proposal	source	NumStability.Source.Higham.Chapter10	frozen_proposal_requires_refresh
NumStability.Algorithms.Cholesky.Higham1029Source	NumStability/Algorithms/Cholesky/Higham1029Source.lean	W03	local-lane	frozen-proposal	source	NumStability.Source.Higham.Chapter10	frozen_proposal_requires_refresh
NumStability.Algorithms.Cholesky.Higham10Problem10_3	NumStability/Algorithms/Cholesky/Higham10Problem10_3.lean	W03	local-lane	frozen-proposal	source	NumStability.Source.Higham.Chapter10	frozen_proposal_requires_refresh
NumStability.Algorithms.Cholesky.HighamMathiasFirstBreakdown	NumStability/Algorithms/Cholesky/HighamMathiasFirstBreakdown.lean	W03	local-lane	frozen-proposal	source	NumStability.Source.Higham.Chapter11	frozen_proposal_requires_refresh
NumStability.Algorithms.Cholesky.HighamMathiasSource	NumStability/Algorithms/Cholesky/HighamMathiasSource.lean	W03	local-lane	frozen-proposal	source	NumStability.Source.Higham.Chapter11	frozen_proposal_requires_refresh
NumStability.Algorithms.ComplexBackwardError	NumStability/Algorithms/ComplexBackwardError.lean	W02	remote-lane	frozen-proposal	reusable	NumStability.Algorithms.ComplexBackwardError	frozen_proposal_requires_refresh
NumStability.Algorithms.CondEstimation	NumStability/Algorithms/CondEstimation.lean	W10	remote-lane	frozen-proposal	reusable	NumStability.Algorithms.NormEstimation	frozen_proposal_requires_refresh
NumStability.Algorithms.ContinuedFraction	NumStability/Algorithms/ContinuedFraction.lean	W02	remote-lane	frozen-proposal	reusable	NumStability.Algorithms.ContinuedFraction	frozen_proposal_requires_refresh
NumStability.Algorithms.DotProduct	NumStability/Algorithms/DotProduct.lean	W02	remote-lane	frozen-proposal	reusable	NumStability.Algorithms.DotProduct	frozen_proposal_requires_refresh
NumStability.Algorithms.ExtendedPrecisionDotProduct	NumStability/Algorithms/ExtendedPrecisionDotProduct.lean	W02	remote-lane	frozen-proposal	reusable	NumStability.Algorithms.ExtendedPrecisionDotProduct	frozen_proposal_requires_refresh
NumStability.Algorithms.GaussJordan	NumStability/Algorithms/GaussJordan.lean	W08	remote-lane	frozen-proposal	reusable	NumStability.Algorithms.GaussJordan	frozen_proposal_requires_refresh
NumStability.Algorithms.GaussJordanPivoting	NumStability/Algorithms/GaussJordanPivoting.lean	W08	remote-lane	frozen-proposal	reusable	NumStability.Algorithms.GaussJordanPivoting	confirmed_source
NumStability.Algorithms.GridPoints	NumStability/Algorithms/GridPoints.lean	W02	remote-lane	frozen-proposal	reusable	NumStability.Algorithms.GridPoints	frozen_proposal_requires_refresh
NumStability.Algorithms.Higham5FastPolynomialEvaluation	NumStability/Algorithms/Higham5FastPolynomialEvaluation.lean	W12	remote-lane	frozen-proposal	source	NumStability.Source.Higham.Chapter05	frozen_proposal_requires_refresh
NumStability.Algorithms.Higham5PatersonStockmeyer	NumStability/Algorithms/Higham5PatersonStockmeyer.lean	W12	remote-lane	frozen-proposal	source	NumStability.Source.Higham.Chapter05	frozen_proposal_requires_refresh
NumStability.Algorithms.Higham726Rump	NumStability/Algorithms/Higham726Rump.lean	W12	remote-lane	frozen-proposal	source	NumStability.Source.Higham.Chapter72	confirmed_bad_route
NumStability.Algorithms.HighamChapter10	NumStability/Algorithms/HighamChapter10.lean	W03	local-lane	frozen-proposal	mixed_pending_split	NumStability.Algorithms.LinearSystems.Cholesky + NumStability.Source.Higham.Chapter10	frozen_proposal_requires_refresh
NumStability.Algorithms.HighamChapter15BoydBridges	NumStability/Algorithms/HighamChapter15BoydBridges.lean	W10	remote-lane	frozen-proposal	mixed_pending_split	NumStability.Algorithms.NormEstimation + NumStability.Source.Higham.Chapter15	frozen_proposal_requires_refresh
NumStability.Algorithms.HighamChapter15BoydConcreteLemma3	NumStability/Algorithms/HighamChapter15BoydConcreteLemma3.lean	W10	remote-lane	frozen-proposal	mixed_pending_split	NumStability.Algorithms.NormEstimation + NumStability.Source.Higham.Chapter15	frozen_proposal_requires_refresh
NumStability.Algorithms.HighamChapter15BoydLocalStability	NumStability/Algorithms/HighamChapter15BoydLocalStability.lean	W10	remote-lane	frozen-proposal	mixed_pending_split	NumStability.Algorithms.NormEstimation + NumStability.Source.Higham.Chapter15	frozen_proposal_requires_refresh
NumStability.Algorithms.HighamChapter15BoydRowwiseDomain	NumStability/Algorithms/HighamChapter15BoydRowwiseDomain.lean	W10	remote-lane	frozen-proposal	mixed_pending_split	NumStability.Algorithms.NormEstimation + NumStability.Source.Higham.Chapter15	frozen_proposal_requires_refresh
NumStability.Algorithms.HighamChapter15BoydScalar	NumStability/Algorithms/HighamChapter15BoydScalar.lean	W10	remote-lane	frozen-proposal	mixed_pending_split	NumStability.Algorithms.NormEstimation + NumStability.Source.Higham.Chapter15	frozen_proposal_requires_refresh
NumStability.Algorithms.HighamChapter15BoydSourceClosure	NumStability/Algorithms/HighamChapter15BoydSourceClosure.lean	W10	remote-lane	frozen-proposal	source	NumStability.Source.Higham.Chapter15	frozen_proposal_requires_refresh
NumStability.Algorithms.HighamChapter15BoydSourceDomain	NumStability/Algorithms/HighamChapter15BoydSourceDomain.lean	W10	remote-lane	frozen-proposal	mixed_pending_split	NumStability.Algorithms.NormEstimation + NumStability.Source.Higham.Chapter15	frozen_proposal_requires_refresh
NumStability.Algorithms.HighamChapter15BoydSourceLocal	NumStability/Algorithms/HighamChapter15BoydSourceLocal.lean	W10	remote-lane	frozen-proposal	mixed_pending_split	NumStability.Algorithms.NormEstimation + NumStability.Source.Higham.Chapter15	frozen_proposal_requires_refresh
NumStability.Algorithms.HighamChapter15BoydSourceSecondDerivative	NumStability/Algorithms/HighamChapter15BoydSourceSecondDerivative.lean	W10	remote-lane	frozen-proposal	mixed_pending_split	NumStability.Algorithms.NormEstimation + NumStability.Source.Higham.Chapter15	frozen_proposal_requires_refresh
NumStability.Algorithms.HighamChapter15BoydUniqueness	NumStability/Algorithms/HighamChapter15BoydUniqueness.lean	W10	remote-lane	frozen-proposal	mixed_pending_split	NumStability.Algorithms.NormEstimation + NumStability.Source.Higham.Chapter15	frozen_proposal_requires_refresh
NumStability.Algorithms.HighamChapter15ConvergenceProse	NumStability/Algorithms/HighamChapter15ConvergenceProse.lean	W10	remote-lane	frozen-proposal	mixed_pending_split	NumStability.Algorithms.NormEstimation + NumStability.Source.Higham.Chapter15	frozen_proposal_requires_refresh
NumStability.Algorithms.HighamChapter15RectTermination	NumStability/Algorithms/HighamChapter15RectTermination.lean	W10	remote-lane	frozen-proposal	mixed_pending_split	NumStability.Algorithms.NormEstimation + NumStability.Source.Higham.Chapter15	frozen_proposal_requires_refresh
NumStability.Algorithms.HighamChapter5ComplexAlgorithm51	NumStability/Algorithms/HighamChapter5ComplexAlgorithm51.lean	W12	remote-lane	frozen-proposal	mixed_pending_split	NumStability.Algorithms.PolynomialEvaluation + NumStability.Source.Higham.Chapter05	frozen_proposal_requires_refresh
NumStability.Algorithms.HighamChapter8	NumStability/Algorithms/HighamChapter8.lean	W02	remote-lane	frozen-proposal	source	NumStability.Source.Higham.Chapter08	frozen_proposal_requires_refresh
NumStability.Algorithms.HighamChapter8FanInClosure	NumStability/Algorithms/HighamChapter8FanInClosure.lean	W02	remote-lane	frozen-proposal	source	NumStability.Source.Higham.Chapter08	frozen_proposal_requires_refresh
NumStability.Algorithms.HighamChapters1To9SourceClosure	NumStability/Algorithms/HighamChapters1To9SourceClosure.lean	W12	remote-lane	frozen-proposal	source	NumStability.Source.Higham.Review	frozen_proposal_requires_refresh
NumStability.Algorithms.HighamLemma88Entrywise	NumStability/Algorithms/HighamLemma88Entrywise.lean	W12	remote-lane	frozen-proposal	source	NumStability.Source.Higham.Review	frozen_proposal_requires_refresh
NumStability.Algorithms.Horner	NumStability/Algorithms/Horner.lean	W12	remote-lane	frozen-proposal	mixed_pending_split	NumStability.Algorithms.PolynomialEvaluation + NumStability.Source.Higham.Chapter05	frozen_proposal_requires_refresh
NumStability.Algorithms.IterativeRefinement	NumStability/Algorithms/IterativeRefinement.lean	W02	remote-lane	frozen-proposal	reusable	NumStability.Algorithms.IterativeRefinement	semantic_review_required
NumStability.Algorithms.KahanAbsolute	NumStability/Algorithms/KahanAbsolute.lean	W12	remote-lane	frozen-proposal	source	NumStability.Source.Higham.Review	frozen_proposal_requires_refresh
NumStability.Algorithms.LU.Doolittle	NumStability/Algorithms/LU/Doolittle.lean	W02	remote-lane	frozen-proposal	reusable	NumStability.Algorithms.LinearSystems.LU	semantic_review_required
NumStability.Algorithms.LU.GaussianElimination	NumStability/Algorithms/LU/GaussianElimination.lean	W02	remote-lane	frozen-proposal	reusable	NumStability.Algorithms.LinearSystems.LU	frozen_proposal_requires_refresh
NumStability.Algorithms.LU.GrowthFactor	NumStability/Algorithms/LU/GrowthFactor.lean	W02	remote-lane	frozen-proposal	reusable	NumStability.Algorithms.LinearSystems.LU	frozen_proposal_requires_refresh
NumStability.Algorithms.LU.Higham15Problem15_4	NumStability/Algorithms/LU/Higham15Problem15_4.lean	W10	remote-lane	frozen-proposal	source	NumStability.Source.Higham.Chapter15	frozen_proposal_requires_refresh
NumStability.Algorithms.LU.Higham15Problem15_6	NumStability/Algorithms/LU/Higham15Problem15_6.lean	W10	remote-lane	frozen-proposal	source	NumStability.Source.Higham.Chapter15	frozen_proposal_requires_refresh
NumStability.Algorithms.LU.Higham15Problem15_6Closure	NumStability/Algorithms/LU/Higham15Problem15_6Closure.lean	W10	remote-lane	frozen-proposal	source	NumStability.Source.Higham.Chapter15	frozen_proposal_requires_refresh
NumStability.Algorithms.LU.Higham15Problem15_6Operational	NumStability/Algorithms/LU/Higham15Problem15_6Operational.lean	W10	remote-lane	frozen-proposal	source	NumStability.Source.Higham.Chapter15	frozen_proposal_requires_refresh
NumStability.Algorithms.LU.LUSolve	NumStability/Algorithms/LU/LUSolve.lean	W02	remote-lane	frozen-proposal	reusable	NumStability.Algorithms.LinearSystems.LU	frozen_proposal_requires_refresh
NumStability.Algorithms.LU.SpecialMatrices	NumStability/Algorithms/LU/SpecialMatrices.lean	W02	remote-lane	frozen-proposal	reusable	NumStability.Algorithms.LinearSystems.LU	frozen_proposal_requires_refresh
NumStability.Algorithms.LU.Tridiagonal	NumStability/Algorithms/LU/Tridiagonal.lean	W02	remote-lane	frozen-proposal	reusable	NumStability.Algorithms.LinearSystems.LU	frozen_proposal_requires_refresh
NumStability.Algorithms.LU.TridiagonalCond	NumStability/Algorithms/LU/TridiagonalCond.lean	W02	remote-lane	frozen-proposal	reusable	NumStability.Algorithms.LinearSystems.LU	frozen_proposal_requires_refresh
NumStability.Algorithms.LU.TridiagonalCondCh15	NumStability/Algorithms/LU/TridiagonalCondCh15.lean	W10	remote-lane	frozen-proposal	source	NumStability.Source.Higham.Chapter15	frozen_proposal_requires_refresh
NumStability.Algorithms.LU.TridiagonalCondCh15Closure	NumStability/Algorithms/LU/TridiagonalCondCh15Closure.lean	W10	remote-lane	frozen-proposal	source	NumStability.Source.Higham.Chapter15	frozen_proposal_requires_refresh
NumStability.Algorithms.LU.TridiagonalCondCh15IkebeClosure	NumStability/Algorithms/LU/TridiagonalCondCh15IkebeClosure.lean	W10	remote-lane	frozen-proposal	source	NumStability.Source.Higham.Chapter15	frozen_proposal_requires_refresh
NumStability.Algorithms.LU.TridiagonalRecurrence	NumStability/Algorithms/LU/TridiagonalRecurrence.lean	W02	remote-lane	frozen-proposal	reusable	NumStability.Algorithms.LinearSystems.LU	frozen_proposal_requires_refresh
NumStability.Algorithms.LogExpProduct	NumStability/Algorithms/LogExpProduct.lean	W02	remote-lane	frozen-proposal	reusable	NumStability.Algorithms.LogExpProduct	frozen_proposal_requires_refresh
NumStability.Algorithms.MMatrix	NumStability/Algorithms/MMatrix.lean	W02	remote-lane	frozen-proposal	reusable	NumStability.Algorithms.MMatrix	frozen_proposal_requires_refresh
NumStability.Algorithms.MatMul	NumStability/Algorithms/MatMul.lean	W02	remote-lane	frozen-proposal	reusable	NumStability.Algorithms.MatMul	frozen_proposal_requires_refresh
NumStability.Algorithms.MatMulBackwardError	NumStability/Algorithms/MatMulBackwardError.lean	W02	remote-lane	frozen-proposal	reusable	NumStability.Algorithms.MatMulBackwardError	frozen_proposal_requires_refresh
NumStability.Algorithms.MatSeqProduct	NumStability/Algorithms/MatSeqProduct.lean	W02	remote-lane	frozen-proposal	reusable	NumStability.Algorithms.MatSeqProduct	frozen_proposal_requires_refresh
NumStability.Algorithms.MatVec	NumStability/Algorithms/MatVec.lean	W02	remote-lane	frozen-proposal	reusable	NumStability.Algorithms.MatVec	frozen_proposal_requires_refresh
NumStability.Algorithms.MatrixInversion	NumStability/Algorithms/MatrixInversion.lean	W08	remote-lane	frozen-proposal	mixed_pending_split	NumStability.Algorithms.MatrixInversion + NumStability.Source.Higham.Chapter14	frozen_proposal_requires_refresh
NumStability.Algorithms.MatrixInversionMethod2BInstance	NumStability/Algorithms/MatrixInversionMethod2BInstance.lean	W08	remote-lane	frozen-proposal	reusable	NumStability.Algorithms.MatrixInversionMethod2BInstance	frozen_proposal_requires_refresh
NumStability.Algorithms.MatrixPowers	NumStability/Algorithms/MatrixPowers.lean	W06	remote-lane	preserved-ch18	unreviewed	preserved-ch18	family_migration_required
NumStability.Algorithms.MatrixPowersComplex	NumStability/Algorithms/MatrixPowersComplex.lean	W06	remote-lane	preserved-ch18	unreviewed	preserved-ch18	family_migration_required
NumStability.Algorithms.MatrixPowersJordan	NumStability/Algorithms/MatrixPowersJordan.lean	W06	remote-lane	preserved-ch18	unreviewed	preserved-ch18	family_migration_required
NumStability.Algorithms.MatrixPowersLp	NumStability/Algorithms/MatrixPowersLp.lean	W06	remote-lane	preserved-ch18	unreviewed	preserved-ch18	family_migration_required
NumStability.Algorithms.MatrixPowersLpJordan	NumStability/Algorithms/MatrixPowersLpJordan.lean	W06	remote-lane	preserved-ch18	unreviewed	preserved-ch18	family_migration_required
NumStability.Algorithms.MatrixPowersPseudospectral	NumStability/Algorithms/MatrixPowersPseudospectral.lean	W06	remote-lane	preserved-ch18	unreviewed	preserved-ch18	family_migration_required
NumStability.Algorithms.MatrixPowersPseudospectralCriterion	NumStability/Algorithms/MatrixPowersPseudospectralCriterion.lean	W06	remote-lane	preserved-ch18	unreviewed	preserved-ch18	family_migration_required
NumStability.Algorithms.MatrixPowersSpectral	NumStability/Algorithms/MatrixPowersSpectral.lean	W06	remote-lane	preserved-ch18	unreviewed	preserved-ch18	family_migration_required
NumStability.Algorithms.NeumaierCompensatedFiniteFormat	NumStability/Algorithms/NeumaierCompensatedFiniteFormat.lean	W02	remote-lane	frozen-proposal	reusable	NumStability.Algorithms.NeumaierCompensatedFiniteFormat	semantic_review_required
NumStability.Algorithms.Norm2	NumStability/Algorithms/Norm2.lean	W02	remote-lane	frozen-proposal	reusable	NumStability.Algorithms.Norm2	frozen_proposal_requires_refresh
NumStability.Algorithms.OrderingExamples	NumStability/Algorithms/OrderingExamples.lean	W12	remote-lane	frozen-proposal	source	NumStability.Source.Higham.Review	frozen_proposal_requires_refresh
NumStability.Algorithms.OuterProduct	NumStability/Algorithms/OuterProduct.lean	W02	remote-lane	frozen-proposal	reusable	NumStability.Algorithms.OuterProduct	frozen_proposal_requires_refresh
NumStability.Algorithms.PNormPowerMethod	NumStability/Algorithms/PNormPowerMethod.lean	W10	remote-lane	frozen-proposal	mixed_pending_split	NumStability.Algorithms.NormEstimation + NumStability.Source.Higham.Chapter15	frozen_proposal_requires_refresh
NumStability.Algorithms.PNormPowerMethodGeneralP	NumStability/Algorithms/PNormPowerMethodGeneralP.lean	W10	remote-lane	frozen-proposal	mixed_pending_split	NumStability.Algorithms.NormEstimation + NumStability.Source.Higham.Chapter15	frozen_proposal_requires_refresh
NumStability.Algorithms.PNormPowerMethodRect	NumStability/Algorithms/PNormPowerMethodRect.lean	W10	remote-lane	frozen-proposal	mixed_pending_split	NumStability.Algorithms.NormEstimation + NumStability.Source.Higham.Chapter15	frozen_proposal_requires_refresh
NumStability.Algorithms.PriestAccuracy	NumStability/Algorithms/PriestAccuracy.lean	W02	remote-lane	frozen-proposal	reusable	NumStability.Algorithms.PriestAccuracy	frozen_proposal_requires_refresh
NumStability.Algorithms.PriestDefectBounded	NumStability/Algorithms/PriestDefectBounded.lean	W02	remote-lane	frozen-proposal	reusable	NumStability.Algorithms.PriestDefectBounded	frozen_proposal_requires_refresh
NumStability.Algorithms.PriestFiniteFormat	NumStability/Algorithms/PriestFiniteFormat.lean	W02	remote-lane	frozen-proposal	reusable	NumStability.Algorithms.PriestFiniteFormat	semantic_review_required
NumStability.Algorithms.Quadrature	NumStability/Algorithms/Quadrature.lean	W02	remote-lane	frozen-proposal	reusable	NumStability.Algorithms.Quadrature	frozen_proposal_requires_refresh
NumStability.Algorithms.RandNLA	NumStability/Algorithms/RandNLA.lean	W11	local-lane	frozen-proposal	aggregate	NumStability.Algorithms.RandNLA	frozen_proposal_requires_refresh
NumStability.Algorithms.RandNLA.ElementwiseSampling	NumStability/Algorithms/RandNLA/ElementwiseSampling.lean	W11	local-lane	frozen-proposal	reusable	NumStability.Algorithms.RandomizedLinearAlgebra	frozen_proposal_requires_refresh
NumStability.Algorithms.RandNLA.ElementwiseSpectral	NumStability/Algorithms/RandNLA/ElementwiseSpectral.lean	W11	local-lane	frozen-proposal	reusable	NumStability.Algorithms.RandomizedLinearAlgebra	semantic_review_required
NumStability.Algorithms.RandNLA.ElementwiseTraceMGF	NumStability/Algorithms/RandNLA/ElementwiseTraceMGF.lean	W11	local-lane	frozen-proposal	reusable	NumStability.Algorithms.RandomizedLinearAlgebra	frozen_proposal_requires_refresh
NumStability.Algorithms.RandNLA.HitCountConcentration	NumStability/Algorithms/RandNLA/HitCountConcentration.lean	W11	local-lane	frozen-proposal	reusable	NumStability.Algorithms.RandomizedLinearAlgebra	frozen_proposal_requires_refresh
NumStability.Algorithms.RandNLA.LeastSquaresSketch	NumStability/Algorithms/RandNLA/LeastSquaresSketch.lean	W11	local-lane	frozen-proposal	reusable	NumStability.Algorithms.RandomizedLinearAlgebra	frozen_proposal_requires_refresh
NumStability.Algorithms.RandNLA.LowRankApprox	NumStability/Algorithms/RandNLA/LowRankApprox.lean	W11	local-lane	frozen-proposal	reusable	NumStability.Algorithms.RandomizedLinearAlgebra	semantic_review_required
NumStability.Algorithms.RandNLA.Preconditioning	NumStability/Algorithms/RandNLA/Preconditioning.lean	W11	local-lane	frozen-proposal	reusable	NumStability.Algorithms.RandomizedLinearAlgebra	frozen_proposal_requires_refresh
NumStability.Algorithms.RandNLA.RowSampling	NumStability/Algorithms/RandNLA/RowSampling.lean	W11	local-lane	frozen-proposal	reusable	NumStability.Algorithms.RandomizedLinearAlgebra	frozen_proposal_requires_refresh
NumStability.Algorithms.RandNLA.RowSamplingGram	NumStability/Algorithms/RandNLA/RowSamplingGram.lean	W11	local-lane	frozen-proposal	reusable	NumStability.Algorithms.RandomizedLinearAlgebra	frozen_proposal_requires_refresh
NumStability.Algorithms.RandNLA.RowSamplingLeverage	NumStability/Algorithms/RandNLA/RowSamplingLeverage.lean	W11	local-lane	frozen-proposal	reusable	NumStability.Algorithms.RandomizedLinearAlgebra	frozen_proposal_requires_refresh
NumStability.Algorithms.RandNLA.RowSamplingLeverageComputedBasis	NumStability/Algorithms/RandNLA/RowSamplingLeverageComputedBasis.lean	W11	local-lane	frozen-proposal	reusable	NumStability.Algorithms.RandomizedLinearAlgebra	frozen_proposal_requires_refresh
NumStability.Algorithms.RandNLA.RowSamplingLeverageMGF	NumStability/Algorithms/RandNLA/RowSamplingLeverageMGF.lean	W11	local-lane	frozen-proposal	reusable	NumStability.Algorithms.RandomizedLinearAlgebra	frozen_proposal_requires_refresh
NumStability.Algorithms.RandNLA.RowSamplingTraceMGF	NumStability/Algorithms/RandNLA/RowSamplingTraceMGF.lean	W11	local-lane	frozen-proposal	reusable	NumStability.Algorithms.RandomizedLinearAlgebra	frozen_proposal_requires_refresh
NumStability.Algorithms.RandNLA.UniformRowSampling	NumStability/Algorithms/RandNLA/UniformRowSampling.lean	W11	local-lane	frozen-proposal	reusable	NumStability.Algorithms.RandomizedLinearAlgebra	frozen_proposal_requires_refresh
NumStability.Algorithms.RandNLA.UniformRowSamplingComposition	NumStability/Algorithms/RandNLA/UniformRowSamplingComposition.lean	W11	local-lane	frozen-proposal	reusable	NumStability.Algorithms.RandomizedLinearAlgebra	frozen_proposal_requires_refresh
NumStability.Algorithms.RandNLA.UniformRowSamplingFP	NumStability/Algorithms/RandNLA/UniformRowSamplingFP.lean	W11	local-lane	frozen-proposal	reusable	NumStability.Algorithms.RandomizedLinearAlgebra	frozen_proposal_requires_refresh
NumStability.Algorithms.RandNLA.UniformRowSamplingMGF	NumStability/Algorithms/RandNLA/UniformRowSamplingMGF.lean	W11	local-lane	frozen-proposal	reusable	NumStability.Algorithms.RandomizedLinearAlgebra	frozen_proposal_requires_refresh
NumStability.Algorithms.RankOneUpdate	NumStability/Algorithms/RankOneUpdate.lean	W02	remote-lane	frozen-proposal	reusable	NumStability.Algorithms.RankOneUpdate	frozen_proposal_requires_refresh
NumStability.Algorithms.SquareDifference	NumStability/Algorithms/SquareDifference.lean	W02	remote-lane	frozen-proposal	reusable	NumStability.Algorithms.SquareDifference	frozen_proposal_requires_refresh
NumStability.Algorithms.StationaryIteration	NumStability/Algorithms/StationaryIteration.lean	W07	local-lane	frozen-proposal	mixed_pending_split	NumStability.Algorithms.LinearSystems.Iterative + NumStability.Source.Higham.Chapter17	frozen_proposal_requires_refresh
NumStability.Algorithms.StationaryIterationDrazin	NumStability/Algorithms/StationaryIterationDrazin.lean	W07	local-lane	frozen-proposal	reusable	NumStability.Algorithms.StationaryIterationDrazin	frozen_proposal_requires_refresh
NumStability.Algorithms.StationaryIterationRounded	NumStability/Algorithms/StationaryIterationRounded.lean	W07	local-lane	frozen-proposal	reusable	NumStability.Algorithms.StationaryIterationRounded	frozen_proposal_requires_refresh
NumStability.Algorithms.StationaryIterationSemiconvergent	NumStability/Algorithms/StationaryIterationSemiconvergent.lean	W07	local-lane	frozen-proposal	reusable	NumStability.Algorithms.StationaryIterationSemiconvergent	frozen_proposal_requires_refresh
NumStability.Algorithms.StationaryIterationSemiconvergentExistence	NumStability/Algorithms/StationaryIterationSemiconvergentExistence.lean	W07	local-lane	frozen-proposal	reusable	NumStability.Algorithms.StationaryIterationSemiconvergentExistence	frozen_proposal_requires_refresh
NumStability.Algorithms.Sylvester.Higham16	NumStability/Algorithms/Sylvester/Higham16.lean	W05	local-lane	preserved-ch16	unreviewed	preserved-ch16	family_migration_required
NumStability.Algorithms.Sylvester.Higham16AutoCondition	NumStability/Algorithms/Sylvester/Higham16AutoCondition.lean	W06	remote-lane	preserved-ch16	unreviewed	preserved-ch16	family_migration_required
NumStability.Algorithms.Sylvester.Higham16Eq9Assembly	NumStability/Algorithms/Sylvester/Higham16Eq9Assembly.lean	W06	remote-lane	preserved-ch16	unreviewed	preserved-ch16	family_migration_required
NumStability.Algorithms.Sylvester.Higham16Eq9EndToEnd	NumStability/Algorithms/Sylvester/Higham16Eq9EndToEnd.lean	W06	remote-lane	preserved-ch16	unreviewed	preserved-ch16	family_migration_required
NumStability.Algorithms.Sylvester.Higham16HessenbergRounded	NumStability/Algorithms/Sylvester/Higham16HessenbergRounded.lean	W06	remote-lane	preserved-ch16	unreviewed	preserved-ch16	family_migration_required
NumStability.Algorithms.Sylvester.Higham16HessenbergSchur	NumStability/Algorithms/Sylvester/Higham16HessenbergSchur.lean	W06	remote-lane	preserved-ch16	unreviewed	preserved-ch16	family_migration_required
NumStability.Algorithms.Sylvester.Higham16Lyapunov	NumStability/Algorithms/Sylvester/Higham16Lyapunov.lean	W05	local-lane	preserved-ch16	unreviewed	preserved-ch16	family_migration_required
NumStability.Algorithms.Sylvester.Higham16LyapunovSigmaMin	NumStability/Algorithms/Sylvester/Higham16LyapunovSigmaMin.lean	W06	remote-lane	preserved-ch16	unreviewed	preserved-ch16	family_migration_required
NumStability.Algorithms.Sylvester.Higham16Minimizers	NumStability/Algorithms/Sylvester/Higham16Minimizers.lean	W06	remote-lane	preserved-ch16	unreviewed	preserved-ch16	family_migration_required
NumStability.Algorithms.Sylvester.Higham16NormEstimator	NumStability/Algorithms/Sylvester/Higham16NormEstimator.lean	W06	remote-lane	preserved-ch16	unreviewed	preserved-ch16	family_migration_required
NumStability.Algorithms.Sylvester.Higham16PerturbationSigmaMin	NumStability/Algorithms/Sylvester/Higham16PerturbationSigmaMin.lean	W06	remote-lane	preserved-ch16	unreviewed	preserved-ch16	family_migration_required
NumStability.Algorithms.Sylvester.Higham16PivotedSmallBlocks	NumStability/Algorithms/Sylvester/Higham16PivotedSmallBlocks.lean	W06	remote-lane	preserved-ch16	unreviewed	preserved-ch16	family_migration_required
NumStability.Algorithms.Sylvester.Higham16Problem16_2	NumStability/Algorithms/Sylvester/Higham16Problem16_2.lean	W06	remote-lane	preserved-ch16	unreviewed	preserved-ch16	family_migration_required
NumStability.Algorithms.Sylvester.Higham16Psi	NumStability/Algorithms/Sylvester/Higham16Psi.lean	W05	local-lane	preserved-ch16	unreviewed	preserved-ch16	family_migration_required
NumStability.Algorithms.Sylvester.Higham16PsiSigmaMin	NumStability/Algorithms/Sylvester/Higham16PsiSigmaMin.lean	W06	remote-lane	preserved-ch16	unreviewed	preserved-ch16	family_migration_required
NumStability.Algorithms.Sylvester.Higham16QuasiQuasiRounded	NumStability/Algorithms/Sylvester/Higham16QuasiQuasiRounded.lean	W06	remote-lane	preserved-ch16	unreviewed	preserved-ch16	family_migration_required
NumStability.Algorithms.Sylvester.Higham16QuasiQuasiSylvester	NumStability/Algorithms/Sylvester/Higham16QuasiQuasiSylvester.lean	W06	remote-lane	preserved-ch16	unreviewed	preserved-ch16	family_migration_required
NumStability.Algorithms.Sylvester.Higham16QuasiRoundedSolve	NumStability/Algorithms/Sylvester/Higham16QuasiRoundedSolve.lean	W06	remote-lane	preserved-ch16	unreviewed	preserved-ch16	family_migration_required
NumStability.Algorithms.Sylvester.Higham16QuasiRoundedSylvester	NumStability/Algorithms/Sylvester/Higham16QuasiRoundedSylvester.lean	W06	remote-lane	preserved-ch16	unreviewed	preserved-ch16	family_migration_required
NumStability.Algorithms.Sylvester.Higham16RoundedExecutor	NumStability/Algorithms/Sylvester/Higham16RoundedExecutor.lean	W06	remote-lane	preserved-ch16	unreviewed	preserved-ch16	family_migration_required
NumStability.Algorithms.Sylvester.Higham16RoundedTriangular	NumStability/Algorithms/Sylvester/Higham16RoundedTriangular.lean	W06	remote-lane	preserved-ch16	unreviewed	preserved-ch16	family_migration_required
NumStability.Algorithms.Sylvester.Higham16Spectrum	NumStability/Algorithms/Sylvester/Higham16Spectrum.lean	W06	remote-lane	preserved-ch16	unreviewed	preserved-ch16	family_migration_required
NumStability.Algorithms.Sylvester.Higham16SpectrumMinimizers	NumStability/Algorithms/Sylvester/Higham16SpectrumMinimizers.lean	W06	remote-lane	preserved-ch16	unreviewed	preserved-ch16	family_migration_required
NumStability.Algorithms.Sylvester.Higham16VecNorm	NumStability/Algorithms/Sylvester/Higham16VecNorm.lean	W06	remote-lane	preserved-ch16	unreviewed	preserved-ch16	family_migration_required
NumStability.Algorithms.Sylvester.Higham16VecPermutationNotes	NumStability/Algorithms/Sylvester/Higham16VecPermutationNotes.lean	W06	remote-lane	preserved-ch16	unreviewed	preserved-ch16	family_migration_required
NumStability.Algorithms.Sylvester.SylvesterBackward	NumStability/Algorithms/Sylvester/SylvesterBackward.lean	W05	local-lane	preserved-ch16	unreviewed	preserved-ch16	family_migration_required
NumStability.Algorithms.Sylvester.SylvesterPerturbation	NumStability/Algorithms/Sylvester/SylvesterPerturbation.lean	W05	local-lane	preserved-ch16	unreviewed	preserved-ch16	family_migration_required
NumStability.Algorithms.Sylvester.SylvesterSpec	NumStability/Algorithms/Sylvester/SylvesterSpec.lean	W05	local-lane	preserved-ch16	unreviewed	preserved-ch16	family_migration_required
NumStability.Algorithms.TestMatrices.Higham28	NumStability/Algorithms/TestMatrices/Higham28.lean	W09	local-lane	frozen-proposal	mixed_pending_split	NumStability.Analysis.TestMatrices + NumStability.Source.Higham.Chapter28	frozen_proposal_requires_refresh
NumStability.Algorithms.TestMatrices.Higham28Asymptotics	NumStability/Algorithms/TestMatrices/Higham28Asymptotics.lean	W09	local-lane	frozen-proposal	source	NumStability.Source.Higham.Chapter28	frozen_proposal_requires_refresh
NumStability.Algorithms.TestMatrices.Higham28Cauchy	NumStability/Algorithms/TestMatrices/Higham28Cauchy.lean	W09	local-lane	frozen-proposal	reusable	NumStability.Analysis.TestMatrices	frozen_proposal_requires_refresh
NumStability.Algorithms.TestMatrices.Higham28Companion	NumStability/Algorithms/TestMatrices/Higham28Companion.lean	W09	local-lane	frozen-proposal	reusable	NumStability.Analysis.TestMatrices	frozen_proposal_requires_refresh
NumStability.Algorithms.TestMatrices.Higham28CompanionSpectral	NumStability/Algorithms/TestMatrices/Higham28CompanionSpectral.lean	W09	local-lane	frozen-proposal	reusable	NumStability.Analysis.TestMatrices	frozen_proposal_requires_refresh
NumStability.Algorithms.TestMatrices.Higham28Contracts	NumStability/Algorithms/TestMatrices/Higham28Contracts.lean	W09	local-lane	frozen-proposal	mixed_pending_split	NumStability.Analysis.TestMatrices + NumStability.Source.Higham.Chapter28	frozen_proposal_requires_refresh
NumStability.Algorithms.TestMatrices.Higham28Exact	NumStability/Algorithms/TestMatrices/Higham28Exact.lean	W09	local-lane	frozen-proposal	reusable	NumStability.Analysis.TestMatrices	frozen_proposal_requires_refresh
NumStability.Algorithms.TestMatrices.Higham28GaussianDirection	NumStability/Algorithms/TestMatrices/Higham28GaussianDirection.lean	W09	local-lane	frozen-proposal	reusable	NumStability.Analysis.TestMatrices	frozen_proposal_requires_refresh
NumStability.Algorithms.TestMatrices.Higham28GaussianOrthogonal	NumStability/Algorithms/TestMatrices/Higham28GaussianOrthogonal.lean	W09	local-lane	frozen-proposal	reusable	NumStability.Analysis.TestMatrices	frozen_proposal_requires_refresh
NumStability.Algorithms.TestMatrices.Higham28GaussianQRHaar	NumStability/Algorithms/TestMatrices/Higham28GaussianQRHaar.lean	W09	local-lane	frozen-proposal	source	NumStability.Source.Higham.Chapter28	frozen_proposal_requires_refresh
NumStability.Algorithms.TestMatrices.Higham28Ginibre	NumStability/Algorithms/TestMatrices/Higham28Ginibre.lean	W09	local-lane	frozen-proposal	source	NumStability.Source.Higham.Chapter28	frozen_proposal_requires_refresh
NumStability.Algorithms.TestMatrices.Higham28GinibreAbsoluteDetRecurrence	NumStability/Algorithms/TestMatrices/Higham28GinibreAbsoluteDetRecurrence.lean	W09	local-lane	frozen-proposal	source	NumStability.Source.Higham.Chapter28	frozen_proposal_requires_refresh
NumStability.Algorithms.TestMatrices.Higham28GinibreAtlas	NumStability/Algorithms/TestMatrices/Higham28GinibreAtlas.lean	W09	local-lane	frozen-proposal	source	NumStability.Source.Higham.Chapter28	frozen_proposal_requires_refresh
NumStability.Algorithms.TestMatrices.Higham28GinibreCharacteristicProduct	NumStability/Algorithms/TestMatrices/Higham28GinibreCharacteristicProduct.lean	W09	local-lane	frozen-proposal	source	NumStability.Source.Higham.Chapter28	frozen_proposal_requires_refresh
NumStability.Algorithms.TestMatrices.Higham28GinibreComplexPairs	NumStability/Algorithms/TestMatrices/Higham28GinibreComplexPairs.lean	W09	local-lane	frozen-proposal	source	NumStability.Source.Higham.Chapter28	frozen_proposal_requires_refresh
NumStability.Algorithms.TestMatrices.Higham28GinibreCorollary31Factor	NumStability/Algorithms/TestMatrices/Higham28GinibreCorollary31Factor.lean	W09	local-lane	frozen-proposal	source	NumStability.Source.Higham.Chapter28	frozen_proposal_requires_refresh
NumStability.Algorithms.TestMatrices.Higham28GinibreDeterminantIntegral	NumStability/Algorithms/TestMatrices/Higham28GinibreDeterminantIntegral.lean	W09	local-lane	frozen-proposal	source	NumStability.Source.Higham.Chapter28	frozen_proposal_requires_refresh
NumStability.Algorithms.TestMatrices.Higham28GinibreDeterminantMoment	NumStability/Algorithms/TestMatrices/Higham28GinibreDeterminantMoment.lean	W09	local-lane	frozen-proposal	source	NumStability.Source.Higham.Chapter28	frozen_proposal_requires_refresh
NumStability.Algorithms.TestMatrices.Higham28GinibreDimensionTwo	NumStability/Algorithms/TestMatrices/Higham28GinibreDimensionTwo.lean	W09	local-lane	frozen-proposal	reusable	NumStability.Analysis.TestMatrices	frozen_proposal_requires_refresh
NumStability.Algorithms.TestMatrices.Higham28GinibreExpectationGlue	NumStability/Algorithms/TestMatrices/Higham28GinibreExpectationGlue.lean	W09	local-lane	frozen-proposal	source	NumStability.Source.Higham.Chapter28	frozen_proposal_requires_refresh
NumStability.Algorithms.TestMatrices.Higham28GinibreFiniteFormula	NumStability/Algorithms/TestMatrices/Higham28GinibreFiniteFormula.lean	W09	local-lane	frozen-proposal	source	NumStability.Source.Higham.Chapter28	frozen_proposal_requires_refresh
NumStability.Algorithms.TestMatrices.Higham28GinibreGaussianBridge	NumStability/Algorithms/TestMatrices/Higham28GinibreGaussianBridge.lean	W09	local-lane	frozen-proposal	source	NumStability.Source.Higham.Chapter28	frozen_proposal_requires_refresh
NumStability.Algorithms.TestMatrices.Higham28GinibreIncidence	NumStability/Algorithms/TestMatrices/Higham28GinibreIncidence.lean	W09	local-lane	frozen-proposal	source	NumStability.Source.Higham.Chapter28	frozen_proposal_requires_refresh
NumStability.Algorithms.TestMatrices.Higham28GinibreIntegral	NumStability/Algorithms/TestMatrices/Higham28GinibreIntegral.lean	W09	local-lane	frozen-proposal	source	NumStability.Source.Higham.Chapter28	frozen_proposal_requires_refresh
NumStability.Algorithms.TestMatrices.Higham28GinibreJointDensity	NumStability/Algorithms/TestMatrices/Higham28GinibreJointDensity.lean	W09	local-lane	frozen-proposal	source	NumStability.Source.Higham.Chapter28	frozen_proposal_requires_refresh
NumStability.Algorithms.TestMatrices.Higham28GinibreMeasure	NumStability/Algorithms/TestMatrices/Higham28GinibreMeasure.lean	W09	local-lane	frozen-proposal	source	NumStability.Source.Higham.Chapter28	frozen_proposal_requires_refresh
NumStability.Algorithms.TestMatrices.Higham28GinibreMultiplicity	NumStability/Algorithms/TestMatrices/Higham28GinibreMultiplicity.lean	W09	local-lane	frozen-proposal	source	NumStability.Source.Higham.Chapter28	frozen_proposal_requires_refresh
NumStability.Algorithms.TestMatrices.Higham28GinibreOrthogonalFiber	NumStability/Algorithms/TestMatrices/Higham28GinibreOrthogonalFiber.lean	W09	local-lane	frozen-proposal	source	NumStability.Source.Higham.Chapter28	frozen_proposal_requires_refresh
NumStability.Algorithms.TestMatrices.Higham28GinibreParity	NumStability/Algorithms/TestMatrices/Higham28GinibreParity.lean	W09	local-lane	frozen-proposal	source	NumStability.Source.Higham.Chapter28	frozen_proposal_requires_refresh
NumStability.Algorithms.TestMatrices.Higham28GinibrePlaneChart	NumStability/Algorithms/TestMatrices/Higham28GinibrePlaneChart.lean	W09	local-lane	frozen-proposal	source	NumStability.Source.Higham.Chapter28	frozen_proposal_requires_refresh
NumStability.Algorithms.TestMatrices.Higham28GinibrePlaneIncidence	NumStability/Algorithms/TestMatrices/Higham28GinibrePlaneIncidence.lean	W09	local-lane	frozen-proposal	source	NumStability.Source.Higham.Chapter28	frozen_proposal_requires_refresh
NumStability.Algorithms.TestMatrices.Higham28GinibrePlaneSylvester	NumStability/Algorithms/TestMatrices/Higham28GinibrePlaneSylvester.lean	W09	local-lane	frozen-proposal	source	NumStability.Source.Higham.Chapter28	frozen_proposal_requires_refresh
NumStability.Algorithms.TestMatrices.Higham28GinibreProjectiveIntegral	NumStability/Algorithms/TestMatrices/Higham28GinibreProjectiveIntegral.lean	W09	local-lane	frozen-proposal	mixed_pending_split	NumStability.Analysis.TestMatrices + NumStability.Source.Higham.Chapter28	frozen_proposal_requires_refresh
NumStability.Algorithms.TestMatrices.Higham28GinibreRecurrence	NumStability/Algorithms/TestMatrices/Higham28GinibreRecurrence.lean	W09	local-lane	frozen-proposal	source	NumStability.Source.Higham.Chapter28	frozen_proposal_requires_refresh
NumStability.Algorithms.TestMatrices.Higham28GinibreRoots	NumStability/Algorithms/TestMatrices/Higham28GinibreRoots.lean	W09	local-lane	frozen-proposal	source	NumStability.Source.Higham.Chapter28	frozen_proposal_requires_refresh
NumStability.Algorithms.TestMatrices.Higham28GinibreSignedConclusion	NumStability/Algorithms/TestMatrices/Higham28GinibreSignedConclusion.lean	W09	local-lane	frozen-proposal	source	NumStability.Source.Higham.Chapter28	frozen_proposal_requires_refresh
NumStability.Algorithms.TestMatrices.Higham28GinibreSignedExpectation	NumStability/Algorithms/TestMatrices/Higham28GinibreSignedExpectation.lean	W09	local-lane	frozen-proposal	source	NumStability.Source.Higham.Chapter28	frozen_proposal_requires_refresh
NumStability.Algorithms.TestMatrices.Higham28GinibreSignedGaussian	NumStability/Algorithms/TestMatrices/Higham28GinibreSignedGaussian.lean	W09	local-lane	frozen-proposal	source	NumStability.Source.Higham.Chapter28	frozen_proposal_requires_refresh
NumStability.Algorithms.TestMatrices.Higham28GinibreSignedIncidence	NumStability/Algorithms/TestMatrices/Higham28GinibreSignedIncidence.lean	W09	local-lane	frozen-proposal	source	NumStability.Source.Higham.Chapter28	frozen_proposal_requires_refresh
NumStability.Algorithms.TestMatrices.Higham28GinibreSignedIncidenceAlgebra	NumStability/Algorithms/TestMatrices/Higham28GinibreSignedIncidenceAlgebra.lean	W09	local-lane	frozen-proposal	source	NumStability.Source.Higham.Chapter28	frozen_proposal_requires_refresh
NumStability.Algorithms.TestMatrices.Higham28GinibreSignedKernel	NumStability/Algorithms/TestMatrices/Higham28GinibreSignedKernel.lean	W09	local-lane	frozen-proposal	source	NumStability.Source.Higham.Chapter28	frozen_proposal_requires_refresh
NumStability.Algorithms.TestMatrices.Higham28GinibreSignedRank	NumStability/Algorithms/TestMatrices/Higham28GinibreSignedRank.lean	W09	local-lane	frozen-proposal	source	NumStability.Source.Higham.Chapter28	frozen_proposal_requires_refresh
NumStability.Algorithms.TestMatrices.Higham28GinibreSignedRankTransfer	NumStability/Algorithms/TestMatrices/Higham28GinibreSignedRankTransfer.lean	W09	local-lane	frozen-proposal	source	NumStability.Source.Higham.Chapter28	frozen_proposal_requires_refresh
NumStability.Algorithms.TestMatrices.Higham28GinibreSignedScalar	NumStability/Algorithms/TestMatrices/Higham28GinibreSignedScalar.lean	W09	local-lane	frozen-proposal	source	NumStability.Source.Higham.Chapter28	frozen_proposal_requires_refresh
NumStability.Algorithms.TestMatrices.Higham28GinibreTraceDensity	NumStability/Algorithms/TestMatrices/Higham28GinibreTraceDensity.lean	W09	local-lane	frozen-proposal	source	NumStability.Source.Higham.Chapter28	frozen_proposal_requires_refresh
NumStability.Algorithms.TestMatrices.Higham28GinibreTruncatedIncidence	NumStability/Algorithms/TestMatrices/Higham28GinibreTruncatedIncidence.lean	W09	local-lane	frozen-proposal	source	NumStability.Source.Higham.Chapter28	frozen_proposal_requires_refresh
NumStability.Algorithms.TestMatrices.Higham28HilbertAsymptotic	NumStability/Algorithms/TestMatrices/Higham28HilbertAsymptotic.lean	W09	local-lane	frozen-proposal	reusable	NumStability.Analysis.TestMatrices	frozen_proposal_requires_refresh
NumStability.Algorithms.TestMatrices.Higham28HilbertCondition	NumStability/Algorithms/TestMatrices/Higham28HilbertCondition.lean	W09	local-lane	frozen-proposal	source	NumStability.Source.Higham.Chapter28	frozen_proposal_requires_refresh
NumStability.Algorithms.TestMatrices.Higham28Moments	NumStability/Algorithms/TestMatrices/Higham28Moments.lean	W09	local-lane	frozen-proposal	source	NumStability.Source.Higham.Chapter28	frozen_proposal_requires_refresh
NumStability.Algorithms.TestMatrices.Higham28OrthogonalCoordinates	NumStability/Algorithms/TestMatrices/Higham28OrthogonalCoordinates.lean	W09	local-lane	frozen-proposal	reusable	NumStability.Analysis.TestMatrices	frozen_proposal_requires_refresh
NumStability.Algorithms.TestMatrices.Higham28OrthogonalFibers	NumStability/Algorithms/TestMatrices/Higham28OrthogonalFibers.lean	W09	local-lane	frozen-proposal	reusable	NumStability.Analysis.TestMatrices	frozen_proposal_requires_refresh
NumStability.Algorithms.TestMatrices.Higham28OrthogonalHaar	NumStability/Algorithms/TestMatrices/Higham28OrthogonalHaar.lean	W09	local-lane	frozen-proposal	reusable	NumStability.Analysis.TestMatrices	frozen_proposal_requires_refresh
NumStability.Algorithms.TestMatrices.Higham28OrthogonalSphere	NumStability/Algorithms/TestMatrices/Higham28OrthogonalSphere.lean	W09	local-lane	frozen-proposal	reusable	NumStability.Analysis.TestMatrices	frozen_proposal_requires_refresh
NumStability.Algorithms.TestMatrices.Higham28Pascal	NumStability/Algorithms/TestMatrices/Higham28Pascal.lean	W09	local-lane	frozen-proposal	source	NumStability.Source.Higham.Chapter28	frozen_proposal_requires_refresh
NumStability.Algorithms.TestMatrices.Higham28PascalCondition	NumStability/Algorithms/TestMatrices/Higham28PascalCondition.lean	W09	local-lane	frozen-proposal	source	NumStability.Source.Higham.Chapter28	frozen_proposal_requires_refresh
NumStability.Algorithms.TestMatrices.Higham28PascalDualFlag	NumStability/Algorithms/TestMatrices/Higham28PascalDualFlag.lean	W09	local-lane	frozen-proposal	reusable	NumStability.Analysis.TestMatrices	frozen_proposal_requires_refresh
NumStability.Algorithms.TestMatrices.Higham28PascalOscillation	NumStability/Algorithms/TestMatrices/Higham28PascalOscillation.lean	W09	local-lane	frozen-proposal	source	NumStability.Source.Higham.Chapter28	frozen_proposal_requires_refresh
NumStability.Algorithms.TestMatrices.Higham28PascalOscillationCore	NumStability/Algorithms/TestMatrices/Higham28PascalOscillationCore.lean	W09	local-lane	frozen-proposal	reusable	NumStability.Analysis.TestMatrices	frozen_proposal_requires_refresh
NumStability.Algorithms.TestMatrices.Higham28PascalOscillationExact	NumStability/Algorithms/TestMatrices/Higham28PascalOscillationExact.lean	W09	local-lane	frozen-proposal	reusable	NumStability.Analysis.TestMatrices	frozen_proposal_requires_refresh
NumStability.Algorithms.TestMatrices.Higham28PascalSpectral	NumStability/Algorithms/TestMatrices/Higham28PascalSpectral.lean	W09	local-lane	frozen-proposal	source	NumStability.Source.Higham.Chapter28	frozen_proposal_requires_refresh
NumStability.Algorithms.TestMatrices.Higham28PascalTotalPositivity	NumStability/Algorithms/TestMatrices/Higham28PascalTotalPositivity.lean	W09	local-lane	frozen-proposal	reusable	NumStability.Analysis.TestMatrices	frozen_proposal_requires_refresh
NumStability.Algorithms.TestMatrices.Higham28Probability	NumStability/Algorithms/TestMatrices/Higham28Probability.lean	W09	local-lane	frozen-proposal	source	NumStability.Source.Higham.Chapter28	frozen_proposal_requires_refresh
NumStability.Algorithms.TestMatrices.Higham28RandsvdNorm	NumStability/Algorithms/TestMatrices/Higham28RandsvdNorm.lean	W09	local-lane	frozen-proposal	source	NumStability.Source.Higham.Chapter28	frozen_proposal_requires_refresh
NumStability.Algorithms.TestMatrices.Higham28ReciprocalSPD	NumStability/Algorithms/TestMatrices/Higham28ReciprocalSPD.lean	W09	local-lane	frozen-proposal	source	NumStability.Source.Higham.Chapter28	frozen_proposal_requires_refresh
NumStability.Algorithms.TestMatrices.Higham28ShiftedHilbert	NumStability/Algorithms/TestMatrices/Higham28ShiftedHilbert.lean	W09	local-lane	frozen-proposal	reusable	NumStability.Analysis.TestMatrices	frozen_proposal_requires_refresh
NumStability.Algorithms.TestMatrices.Higham28Stewart	NumStability/Algorithms/TestMatrices/Higham28Stewart.lean	W09	local-lane	frozen-proposal	source	NumStability.Source.Higham.Chapter28	frozen_proposal_requires_refresh
NumStability.Algorithms.TestMatrices.Higham28StewartHaar	NumStability/Algorithms/TestMatrices/Higham28StewartHaar.lean	W09	local-lane	frozen-proposal	reusable	NumStability.Analysis.TestMatrices	frozen_proposal_requires_refresh
NumStability.Algorithms.TestMatrices.Higham28StewartRawFiber	NumStability/Algorithms/TestMatrices/Higham28StewartRawFiber.lean	W09	local-lane	frozen-proposal	reusable	NumStability.Analysis.TestMatrices	frozen_proposal_requires_refresh
NumStability.Algorithms.TestMatrices.Higham28StewartRecursion	NumStability/Algorithms/TestMatrices/Higham28StewartRecursion.lean	W09	local-lane	frozen-proposal	reusable	NumStability.Analysis.TestMatrices	frozen_proposal_requires_refresh
NumStability.Algorithms.TestMatrices.Higham28ToeplitzCondition	NumStability/Algorithms/TestMatrices/Higham28ToeplitzCondition.lean	W09	local-lane	frozen-proposal	source	NumStability.Source.Higham.Chapter28	frozen_proposal_requires_refresh
NumStability.Algorithms.TestMatrices.Higham28ToeplitzGeneral	NumStability/Algorithms/TestMatrices/Higham28ToeplitzGeneral.lean	W09	local-lane	frozen-proposal	source	NumStability.Source.Higham.Chapter28	frozen_proposal_requires_refresh
NumStability.Algorithms.TestMatrices.Higham28ToeplitzSpectrum	NumStability/Algorithms/TestMatrices/Higham28ToeplitzSpectrum.lean	W09	local-lane	frozen-proposal	reusable	NumStability.Analysis.TestMatrices	frozen_proposal_requires_refresh
NumStability.Algorithms.TreeDotProduct	NumStability/Algorithms/TreeDotProduct.lean	W02	remote-lane	frozen-proposal	reusable	NumStability.Algorithms.TreeDotProduct	frozen_proposal_requires_refresh
NumStability.Algorithms.TriangularArbitraryOrder	NumStability/Algorithms/TriangularArbitraryOrder.lean	W02	remote-lane	frozen-proposal	mixed_pending_split	NumStability.Algorithms.LinearSystems.Triangular + NumStability.Source.Higham.Chapter08	frozen_proposal_requires_refresh
NumStability.Algorithms.TriangularNoGuard	NumStability/Algorithms/TriangularNoGuard.lean	W02	remote-lane	frozen-proposal	mixed_pending_split	NumStability.Algorithms.LinearSystems.Triangular + NumStability.Source.Higham.Chapter08	frozen_proposal_requires_refresh
NumStability.Algorithms.Underdetermined.Higham21	NumStability/Algorithms/Underdetermined/Higham21.lean	W04	remote-lane	preserved-ch21	unreviewed	preserved-ch21	family_migration_required
NumStability.Algorithms.Underdetermined.Higham21Attainability	NumStability/Algorithms/Underdetermined/Higham21Attainability.lean	W04	remote-lane	preserved-ch21	unreviewed	preserved-ch21	family_migration_required
NumStability.Algorithms.Underdetermined.Higham21Eq21_11Uniform	NumStability/Algorithms/Underdetermined/Higham21Eq21_11Uniform.lean	W04	remote-lane	preserved-ch21	unreviewed	preserved-ch21	family_migration_required
NumStability.Algorithms.Underdetermined.Higham21Eq21_8	NumStability/Algorithms/Underdetermined/Higham21Eq21_8.lean	W04	remote-lane	preserved-ch21	unreviewed	preserved-ch21	family_migration_required
NumStability.Algorithms.Underdetermined.Higham21Eq21_9	NumStability/Algorithms/Underdetermined/Higham21Eq21_9.lean	W04	remote-lane	preserved-ch21	unreviewed	preserved-ch21	family_migration_required
NumStability.Algorithms.Underdetermined.Higham21Equation21_11	NumStability/Algorithms/Underdetermined/Higham21Equation21_11.lean	W04	remote-lane	preserved-ch21	unreviewed	preserved-ch21	family_migration_required
NumStability.Algorithms.Underdetermined.Higham21Equation21_11Scalar	NumStability/Algorithms/Underdetermined/Higham21Equation21_11Scalar.lean	W04	remote-lane	preserved-ch21	unreviewed	preserved-ch21	family_migration_required
NumStability.Algorithms.Underdetermined.Higham21Givens	NumStability/Algorithms/Underdetermined/Higham21Givens.lean	W04	remote-lane	preserved-ch21	unreviewed	preserved-ch21	family_migration_required
NumStability.Algorithms.Underdetermined.Higham21GivensClosure	NumStability/Algorithms/Underdetermined/Higham21GivensClosure.lean	W04	remote-lane	preserved-ch21	unreviewed	preserved-ch21	family_migration_required
NumStability.Algorithms.Underdetermined.Higham21GivensRounded	NumStability/Algorithms/Underdetermined/Higham21GivensRounded.lean	W04	remote-lane	preserved-ch21	unreviewed	preserved-ch21	family_migration_required
NumStability.Algorithms.Underdetermined.Higham21MGS	NumStability/Algorithms/Underdetermined/Higham21MGS.lean	W04	remote-lane	preserved-ch21	unreviewed	preserved-ch21	family_migration_required
NumStability.Algorithms.Underdetermined.Higham21MGSRounded	NumStability/Algorithms/Underdetermined/Higham21MGSRounded.lean	W04	remote-lane	preserved-ch21	unreviewed	preserved-ch21	family_migration_required
NumStability.Algorithms.Underdetermined.Higham21Perturbation	NumStability/Algorithms/Underdetermined/Higham21Perturbation.lean	W04	remote-lane	preserved-ch21	unreviewed	preserved-ch21	family_migration_required
NumStability.Algorithms.Underdetermined.Higham21PerturbationRadius	NumStability/Algorithms/Underdetermined/Higham21PerturbationRadius.lean	W04	remote-lane	preserved-ch21	unreviewed	preserved-ch21	family_migration_required
NumStability.Algorithms.Underdetermined.Higham21ProjectorNorm	NumStability/Algorithms/Underdetermined/Higham21ProjectorNorm.lean	W04	remote-lane	preserved-ch21	unreviewed	preserved-ch21	family_migration_required
NumStability.Algorithms.Underdetermined.Higham21QRFoundations	NumStability/Algorithms/Underdetermined/Higham21QRFoundations.lean	W04	remote-lane	preserved-ch21	unreviewed	preserved-ch21	family_migration_required
NumStability.Algorithms.Underdetermined.Higham21RankStability	NumStability/Algorithms/Underdetermined/Higham21RankStability.lean	W04	remote-lane	preserved-ch21	unreviewed	preserved-ch21	family_migration_required
NumStability.Algorithms.Underdetermined.Higham21SNEActualOutput	NumStability/Algorithms/Underdetermined/Higham21SNEActualOutput.lean	W04	remote-lane	preserved-ch21	unreviewed	preserved-ch21	family_migration_required
NumStability.Algorithms.Underdetermined.Higham21SNEClosure	NumStability/Algorithms/Underdetermined/Higham21SNEClosure.lean	W04	remote-lane	preserved-ch21	unreviewed	preserved-ch21	family_migration_required
NumStability.Algorithms.Underdetermined.Higham21SNEConditionTransfer	NumStability/Algorithms/Underdetermined/Higham21SNEConditionTransfer.lean	W04	remote-lane	preserved-ch21	unreviewed	preserved-ch21	family_migration_required
NumStability.Algorithms.Underdetermined.Higham21SNEEnvelopeTransfer	NumStability/Algorithms/Underdetermined/Higham21SNEEnvelopeTransfer.lean	W04	remote-lane	preserved-ch21	unreviewed	preserved-ch21	family_migration_required
NumStability.Algorithms.Underdetermined.Higham21SNEForward	NumStability/Algorithms/Underdetermined/Higham21SNEForward.lean	W04	remote-lane	preserved-ch21	unreviewed	preserved-ch21	family_migration_required
NumStability.Algorithms.Underdetermined.Higham21SNEQRMajorant	NumStability/Algorithms/Underdetermined/Higham21SNEQRMajorant.lean	W04	remote-lane	preserved-ch21	unreviewed	preserved-ch21	family_migration_required
NumStability.Algorithms.Underdetermined.Higham21SNERemainderBounds	NumStability/Algorithms/Underdetermined/Higham21SNERemainderBounds.lean	W04	remote-lane	preserved-ch21	unreviewed	preserved-ch21	family_migration_required
NumStability.Algorithms.Underdetermined.Higham21SNESigned	NumStability/Algorithms/Underdetermined/Higham21SNESigned.lean	W04	remote-lane	preserved-ch21	unreviewed	preserved-ch21	family_migration_required
NumStability.Algorithms.Underdetermined.Higham21SNEUniform	NumStability/Algorithms/Underdetermined/Higham21SNEUniform.lean	W04	remote-lane	preserved-ch21	unreviewed	preserved-ch21	family_migration_required
NumStability.Algorithms.Underdetermined.Higham21Theorem214SourceClosure	NumStability/Algorithms/Underdetermined/Higham21Theorem214SourceClosure.lean	W04	remote-lane	preserved-ch21	unreviewed	preserved-ch21	family_migration_required
NumStability.Algorithms.Underdetermined.UnderdeterminedSolve	NumStability/Algorithms/Underdetermined/UnderdeterminedSolve.lean	W04	remote-lane	preserved-ch21	unreviewed	preserved-ch21	family_migration_required
NumStability.Algorithms.Underdetermined.UnderdeterminedSpec	NumStability/Algorithms/Underdetermined/UnderdeterminedSpec.lean	W04	remote-lane	preserved-ch21	unreviewed	preserved-ch21	family_migration_required
NumStability.Algorithms.WilkinsonAttainability	NumStability/Algorithms/WilkinsonAttainability.lean	W12	remote-lane	frozen-proposal	source	NumStability.Source.Higham.Review	frozen_proposal_requires_refresh
NumStability.Analysis.Accumulation	NumStability/Analysis/Accumulation.lean	W12	remote-lane	frozen-proposal	source	NumStability.Source.Higham.Chapter01	frozen_proposal_requires_refresh
NumStability.Analysis.AccuracyTests	NumStability/Analysis/AccuracyTests.lean	W12	remote-lane	frozen-proposal	source	NumStability.Source.Higham.Chapter01	frozen_proposal_requires_refresh
NumStability.Analysis.AlternativeNumberSystems	NumStability/Analysis/AlternativeNumberSystems.lean	W02	remote-lane	frozen-proposal	reusable	NumStability.Analysis.AlternativeNumberSystems.AlternativeNumberSystems	frozen_proposal_requires_refresh
NumStability.Analysis.BeneficialRounding	NumStability/Analysis/BeneficialRounding.lean	W02	remote-lane	frozen-proposal	reusable	NumStability.Analysis.BeneficialRounding.BeneficialRounding	frozen_proposal_requires_refresh
NumStability.Analysis.BergerGeneral	NumStability/Analysis/BergerGeneral.lean	W06	remote-lane	preserved-ch18	unreviewed	preserved-ch18	family_migration_required
NumStability.Analysis.BergerInequality	NumStability/Analysis/BergerInequality.lean	W06	remote-lane	preserved-ch18	unreviewed	preserved-ch18	family_migration_required
NumStability.Analysis.BergerResolvent	NumStability/Analysis/BergerResolvent.lean	W06	remote-lane	preserved-ch18	unreviewed	preserved-ch18	family_migration_required
NumStability.Analysis.BrentBaseOptimality	NumStability/Analysis/BrentBaseOptimality.lean	W02	remote-lane	frozen-proposal	reusable	NumStability.Analysis.BrentBaseOptimality.BrentBaseOptimality	frozen_proposal_requires_refresh
NumStability.Analysis.CStarMatrixBridge	NumStability/Analysis/CStarMatrixBridge.lean	W06	remote-lane	preserved-ch18	unreviewed	preserved-ch18	family_migration_required
NumStability.Analysis.CStarMatrixExpectation	NumStability/Analysis/CStarMatrixExpectation.lean	W06	remote-lane	preserved-ch18	unreviewed	preserved-ch18	family_migration_required
NumStability.Analysis.CStarMatrixTrace	NumStability/Analysis/CStarMatrixTrace.lean	W06	remote-lane	preserved-ch18	unreviewed	preserved-ch18	family_migration_required
NumStability.Analysis.CalculatorWords	NumStability/Analysis/CalculatorWords.lean	W12	remote-lane	frozen-proposal	source	NumStability.Source.Higham.Chapter01	frozen_proposal_requires_refresh
NumStability.Analysis.CancellationOfRoundingErrors	NumStability/Analysis/CancellationOfRoundingErrors.lean	W01	local-lane	frozen-proposal	mixed_pending_split	NumStability.Analysis + NumStability.Source.Higham	frozen_proposal_requires_refresh
NumStability.Analysis.Chopping	NumStability/Analysis/Chopping.lean	W02	remote-lane	frozen-proposal	reusable	NumStability.Analysis.Chopping.Chopping	frozen_proposal_requires_refresh
NumStability.Analysis.ComplexArithmetic	NumStability/Analysis/ComplexArithmetic.lean	W02	remote-lane	frozen-proposal	reusable	NumStability.Analysis.ComplexArithmetic.ComplexArithmetic	frozen_proposal_requires_refresh
NumStability.Analysis.ComplexSqrt	NumStability/Analysis/ComplexSqrt.lean	W02	remote-lane	frozen-proposal	reusable	NumStability.Analysis.ComplexSqrt.ComplexSqrt	frozen_proposal_requires_refresh
NumStability.Analysis.ConditionEstimatorLowerBound	NumStability/Analysis/ConditionEstimatorLowerBound.lean	W02	remote-lane	frozen-proposal	reusable	NumStability.Analysis.ConditionEstimatorLowerBound.ConditionEstimatorLowerBound	frozen_proposal_requires_refresh
NumStability.Analysis.Counting	NumStability/Analysis/Counting.lean	W12	remote-lane	frozen-proposal	source	NumStability.Source.Higham.Chapter01	frozen_proposal_requires_refresh
NumStability.Analysis.CramersRule	NumStability/Analysis/CramersRule.lean	W02	remote-lane	frozen-proposal	reusable	NumStability.Analysis.CramersRule.CramersRule	semantic_review_required
NumStability.Analysis.DoubleRounding	NumStability/Analysis/DoubleRounding.lean	W02	remote-lane	frozen-proposal	reusable	NumStability.Analysis.DoubleRounding.DoubleRounding	semantic_review_required
NumStability.Analysis.DunfordResidue	NumStability/Analysis/DunfordResidue.lean	W06	remote-lane	preserved-ch18	unreviewed	preserved-ch18	family_migration_required
NumStability.Analysis.Error	NumStability/Analysis/Error.lean	W02	remote-lane	frozen-proposal	reusable	NumStability.Analysis.Error.Error	semantic_review_required
NumStability.Analysis.FiniteProbability	NumStability/Analysis/FiniteProbability.lean	W02	remote-lane	frozen-proposal	reusable	NumStability.Analysis.FiniteProbability.FiniteProbability	frozen_proposal_requires_refresh
NumStability.Analysis.FirstOrderFramework	NumStability/Analysis/FirstOrderFramework.lean	W02	remote-lane	frozen-proposal	reusable	NumStability.Analysis.FirstOrderFramework.FirstOrderFramework	frozen_proposal_requires_refresh
NumStability.Analysis.FloatingPointArithmetic	NumStability/Analysis/FloatingPointArithmetic.lean	W01	local-lane	frozen-proposal	mixed_pending_split	NumStability.Analysis + NumStability.Source.Higham	frozen_proposal_requires_refresh
NumStability.Analysis.FusedMultiplyAdd	NumStability/Analysis/FusedMultiplyAdd.lean	W02	remote-lane	frozen-proposal	reusable	NumStability.Analysis.FusedMultiplyAdd.FusedMultiplyAdd	semantic_review_required
NumStability.Analysis.HenriciExtremal	NumStability/Analysis/HenriciExtremal.lean	W06	remote-lane	preserved-ch18	unreviewed	preserved-ch18	family_migration_required
NumStability.Analysis.HenriciSharpConstant	NumStability/Analysis/HenriciSharpConstant.lean	W06	remote-lane	preserved-ch18	unreviewed	preserved-ch18	family_migration_required
NumStability.Analysis.HenriciSharpConstantExact	NumStability/Analysis/HenriciSharpConstantExact.lean	W06	remote-lane	preserved-ch18	unreviewed	preserved-ch18	family_migration_required
NumStability.Analysis.Heron	NumStability/Analysis/Heron.lean	W02	remote-lane	frozen-proposal	reusable	NumStability.Analysis.Heron.Heron	frozen_proposal_requires_refresh
NumStability.Analysis.HighamChapter2ElementaryFunctions	NumStability/Analysis/HighamChapter2ElementaryFunctions.lean	W12	remote-lane	frozen-proposal	source	NumStability.Source.Higham.Chapter02	frozen_proposal_requires_refresh
NumStability.Analysis.HighamChapter2FmaDiscriminant	NumStability/Analysis/HighamChapter2FmaDiscriminant.lean	W12	remote-lane	frozen-proposal	source	NumStability.Source.Higham.Chapter02	frozen_proposal_requires_refresh
NumStability.Analysis.HighamChapter2GradualUnderflowExact	NumStability/Analysis/HighamChapter2GradualUnderflowExact.lean	W12	remote-lane	frozen-proposal	source	NumStability.Source.Higham.Chapter02	frozen_proposal_requires_refresh
NumStability.Analysis.HighamChapter2Lindemann	NumStability/Analysis/HighamChapter2Lindemann.lean	W12	remote-lane	frozen-proposal	source	NumStability.Source.Higham.Chapter02	frozen_proposal_requires_refresh
NumStability.Analysis.HighamChapter2Tablemaker	NumStability/Analysis/HighamChapter2Tablemaker.lean	W12	remote-lane	frozen-proposal	source	NumStability.Source.Higham.Chapter02	frozen_proposal_requires_refresh
NumStability.Analysis.HighamChapter7	NumStability/Analysis/HighamChapter7.lean	W02	remote-lane	frozen-proposal	mixed_pending_split	NumStability.Analysis.Conditioning + NumStability.Source.Higham.Chapter07	frozen_proposal_requires_refresh
NumStability.Analysis.HighamChapter7Rectangular	NumStability/Analysis/HighamChapter7Rectangular.lean	W02	remote-lane	frozen-proposal	source	NumStability.Source.Higham.Chapter07	frozen_proposal_requires_refresh
NumStability.Analysis.IncreasingPrecision	NumStability/Analysis/IncreasingPrecision.lean	W01	local-lane	frozen-proposal	mixed_pending_split	NumStability.Analysis + NumStability.Source.Higham	frozen_proposal_requires_refresh
NumStability.Analysis.InstabilityWithoutCancellation	NumStability/Analysis/InstabilityWithoutCancellation.lean	W01	local-lane	frozen-proposal	mixed_pending_split	NumStability.Analysis + NumStability.Source.Higham	frozen_proposal_requires_refresh
NumStability.Analysis.InverseOpNorm2	NumStability/Analysis/InverseOpNorm2.lean	W05	local-lane	preserved-ch18	unreviewed	preserved-ch18	family_migration_required
NumStability.Analysis.JordanNormalForm	NumStability/Analysis/JordanNormalForm.lean	W06	remote-lane	preserved-ch18	unreviewed	preserved-ch18	family_migration_required
NumStability.Analysis.LiebTrace	NumStability/Analysis/LiebTrace.lean	W06	remote-lane	preserved-ch18	unreviewed	preserved-ch18	family_migration_required
NumStability.Analysis.MatrixConcentration	NumStability/Analysis/MatrixConcentration.lean	W02	remote-lane	frozen-proposal	reusable	NumStability.Analysis.MatrixConcentration.MatrixConcentration	frozen_proposal_requires_refresh
NumStability.Analysis.MatrixPowersBaiDemmelGu	NumStability/Analysis/MatrixPowersBaiDemmelGu.lean	W06	remote-lane	preserved-ch18	unreviewed	preserved-ch18	family_migration_required
NumStability.Analysis.MatrixPowersBaiDemmelGuDistance	NumStability/Analysis/MatrixPowersBaiDemmelGuDistance.lean	W06	remote-lane	preserved-ch18	unreviewed	preserved-ch18	family_migration_required
NumStability.Analysis.MatrixPowersBinomialBound	NumStability/Analysis/MatrixPowersBinomialBound.lean	W06	remote-lane	preserved-ch18	unreviewed	preserved-ch18	family_migration_required
NumStability.Analysis.MatrixPowersGautschi	NumStability/Analysis/MatrixPowersGautschi.lean	W06	remote-lane	preserved-ch18	unreviewed	preserved-ch18	family_migration_required
NumStability.Analysis.MatrixPowersHenrici	NumStability/Analysis/MatrixPowersHenrici.lean	W06	remote-lane	preserved-ch18	unreviewed	preserved-ch18	family_migration_required
NumStability.Analysis.MatrixPowersHenriciNormal	NumStability/Analysis/MatrixPowersHenriciNormal.lean	W06	remote-lane	preserved-ch18	unreviewed	preserved-ch18	family_migration_required
NumStability.Analysis.MatrixPowersKreiss	NumStability/Analysis/MatrixPowersKreiss.lean	W06	remote-lane	preserved-ch18	unreviewed	preserved-ch18	family_migration_required
NumStability.Analysis.MatrixPowersKreissSpijker	NumStability/Analysis/MatrixPowersKreissSpijker.lean	W06	remote-lane	preserved-ch18	unreviewed	preserved-ch18	family_migration_required
NumStability.Analysis.MatrixPowersLaszlo	NumStability/Analysis/MatrixPowersLaszlo.lean	W06	remote-lane	preserved-ch18	unreviewed	preserved-ch18	family_migration_required
NumStability.Analysis.MatrixPowersLp185Primary	NumStability/Analysis/MatrixPowersLp185Primary.lean	W06	remote-lane	preserved-ch18	unreviewed	preserved-ch18	family_migration_required
NumStability.Analysis.MatrixPowersSchur	NumStability/Analysis/MatrixPowersSchur.lean	W06	remote-lane	preserved-ch18	unreviewed	preserved-ch18	family_migration_required
NumStability.Analysis.MatrixPowersSpijkerClosure	NumStability/Analysis/MatrixPowersSpijkerClosure.lean	W06	remote-lane	preserved-ch18	unreviewed	preserved-ch18	family_migration_required
NumStability.Analysis.MatrixPowersSpijkerPlanar	NumStability/Analysis/MatrixPowersSpijkerPlanar.lean	W06	remote-lane	preserved-ch18	unreviewed	preserved-ch18	family_migration_required
NumStability.Analysis.MatrixPowersSpijkerPlanarAnalysis	NumStability/Analysis/MatrixPowersSpijkerPlanarAnalysis.lean	W06	remote-lane	preserved-ch18	unreviewed	preserved-ch18	family_migration_required
NumStability.Analysis.MatrixPowersSpijkerRational	NumStability/Analysis/MatrixPowersSpijkerRational.lean	W06	remote-lane	preserved-ch18	unreviewed	preserved-ch18	family_migration_required
NumStability.Analysis.MatrixSpectral	NumStability/Analysis/MatrixSpectral.lean	W02	remote-lane	frozen-proposal	reusable	NumStability.Analysis.MatrixSpectral.MatrixSpectral	frozen_proposal_requires_refresh
NumStability.Analysis.Midpoint	NumStability/Analysis/Midpoint.lean	W02	remote-lane	frozen-proposal	reusable	NumStability.Analysis.Midpoint.Midpoint	semantic_review_required
NumStability.Analysis.Monotonicity	NumStability/Analysis/Monotonicity.lean	W02	remote-lane	frozen-proposal	reusable	NumStability.Analysis.Monotonicity.Monotonicity	frozen_proposal_requires_refresh
NumStability.Analysis.MullerRecurrence	NumStability/Analysis/MullerRecurrence.lean	W12	remote-lane	frozen-proposal	source	NumStability.Source.Higham.Chapter01	frozen_proposal_requires_refresh
NumStability.Analysis.NearInteger	NumStability/Analysis/NearInteger.lean	W12	remote-lane	frozen-proposal	source	NumStability.Source.Higham.Chapter01	frozen_proposal_requires_refresh
NumStability.Analysis.NilpotentJordanChain	NumStability/Analysis/NilpotentJordanChain.lean	W06	remote-lane	preserved-ch18	unreviewed	preserved-ch18	family_migration_required
NumStability.Analysis.Nonassociativity	NumStability/Analysis/Nonassociativity.lean	W02	remote-lane	frozen-proposal	reusable	NumStability.Analysis.Nonassociativity.Nonassociativity	frozen_proposal_requires_refresh
NumStability.Analysis.NumericalRadius	NumStability/Analysis/NumericalRadius.lean	W06	remote-lane	preserved-ch18	unreviewed	preserved-ch18	family_migration_required
NumStability.Analysis.OperatorLog	NumStability/Analysis/OperatorLog.lean	W06	remote-lane	preserved-ch18	unreviewed	preserved-ch18	family_migration_required
NumStability.Analysis.Problem2_10	NumStability/Analysis/Problem2_10.lean	W12	remote-lane	frozen-proposal	source	NumStability.Source.Higham.Chapter02	frozen_proposal_requires_refresh
NumStability.Analysis.Problem2_12	NumStability/Analysis/Problem2_12.lean	W12	remote-lane	frozen-proposal	source	NumStability.Source.Higham.Chapter02	frozen_proposal_requires_refresh
NumStability.Analysis.Problem2_13	NumStability/Analysis/Problem2_13.lean	W12	remote-lane	frozen-proposal	source	NumStability.Source.Higham.Chapter02	frozen_proposal_requires_refresh
NumStability.Analysis.Problem2_14	NumStability/Analysis/Problem2_14.lean	W12	remote-lane	frozen-proposal	source	NumStability.Source.Higham.Chapter02	frozen_proposal_requires_refresh
NumStability.Analysis.Problem2_15_16	NumStability/Analysis/Problem2_15_16.lean	W12	remote-lane	frozen-proposal	source	NumStability.Source.Higham.Chapter02	frozen_proposal_requires_refresh
NumStability.Analysis.Problem2_17	NumStability/Analysis/Problem2_17.lean	W12	remote-lane	frozen-proposal	source	NumStability.Source.Higham.Chapter02	frozen_proposal_requires_refresh
NumStability.Analysis.Problem2_18	NumStability/Analysis/Problem2_18.lean	W12	remote-lane	frozen-proposal	source	NumStability.Source.Higham.Chapter02	frozen_proposal_requires_refresh
NumStability.Analysis.Problem2_19	NumStability/Analysis/Problem2_19.lean	W12	remote-lane	frozen-proposal	source	NumStability.Source.Higham.Chapter02	frozen_proposal_requires_refresh
NumStability.Analysis.Problem2_20	NumStability/Analysis/Problem2_20.lean	W12	remote-lane	frozen-proposal	source	NumStability.Source.Higham.Chapter02	frozen_proposal_requires_refresh
NumStability.Analysis.Problem2_23	NumStability/Analysis/Problem2_23.lean	W12	remote-lane	frozen-proposal	source	NumStability.Source.Higham.Chapter02	frozen_proposal_requires_refresh
NumStability.Analysis.Problem2_24	NumStability/Analysis/Problem2_24.lean	W12	remote-lane	frozen-proposal	source	NumStability.Source.Higham.Chapter02	frozen_proposal_requires_refresh
NumStability.Analysis.Problem2_25	NumStability/Analysis/Problem2_25.lean	W12	remote-lane	frozen-proposal	source	NumStability.Source.Higham.Chapter02	frozen_proposal_requires_refresh
NumStability.Analysis.Problem2_26	NumStability/Analysis/Problem2_26.lean	W12	remote-lane	frozen-proposal	source	NumStability.Source.Higham.Chapter02	frozen_proposal_requires_refresh
NumStability.Analysis.Problem2_27	NumStability/Analysis/Problem2_27.lean	W12	remote-lane	frozen-proposal	source	NumStability.Source.Higham.Chapter02	frozen_proposal_requires_refresh
NumStability.Analysis.Problem2_3	NumStability/Analysis/Problem2_3.lean	W12	remote-lane	frozen-proposal	source	NumStability.Source.Higham.Chapter02	frozen_proposal_requires_refresh
NumStability.Analysis.Problem2_5	NumStability/Analysis/Problem2_5.lean	W12	remote-lane	frozen-proposal	source	NumStability.Source.Higham.Chapter02	frozen_proposal_requires_refresh
NumStability.Analysis.Problem2_6	NumStability/Analysis/Problem2_6.lean	W12	remote-lane	frozen-proposal	source	NumStability.Source.Higham.Chapter02	frozen_proposal_requires_refresh
NumStability.Analysis.ProblemDependentStability	NumStability/Analysis/ProblemDependentStability.lean	W02	remote-lane	frozen-proposal	reusable	NumStability.Analysis.ProblemDependentStability.ProblemDependentStability	semantic_review_required
NumStability.Analysis.PseudospectralLowerBound	NumStability/Analysis/PseudospectralLowerBound.lean	W06	remote-lane	preserved-ch18	unreviewed	preserved-ch18	family_migration_required
NumStability.Analysis.PseudospectralPowerBound	NumStability/Analysis/PseudospectralPowerBound.lean	W06	remote-lane	preserved-ch18	unreviewed	preserved-ch18	family_migration_required
NumStability.Analysis.PseudospectralResolvent	NumStability/Analysis/PseudospectralResolvent.lean	W06	remote-lane	preserved-ch18	unreviewed	preserved-ch18	family_migration_required
NumStability.Analysis.Quadratic	NumStability/Analysis/Quadratic.lean	W02	remote-lane	frozen-proposal	reusable	NumStability.Analysis.Quadratic.Quadratic	frozen_proposal_requires_refresh
NumStability.Analysis.RealInvariantSubspace	NumStability/Analysis/RealInvariantSubspace.lean	W05	local-lane	preserved-ch18	unreviewed	preserved-ch18	family_migration_required
NumStability.Analysis.RealQuasiSchur	NumStability/Analysis/RealQuasiSchur.lean	W05	local-lane	preserved-ch18	unreviewed	preserved-ch18	family_migration_required
NumStability.Analysis.RealSchurTriangulation	NumStability/Analysis/RealSchurTriangulation.lean	W06	remote-lane	preserved-ch18	unreviewed	preserved-ch18	family_migration_required
NumStability.Analysis.RelativePrecision	NumStability/Analysis/RelativePrecision.lean	W02	remote-lane	frozen-proposal	reusable	NumStability.Analysis.RelativePrecision.RelativePrecision	frozen_proposal_requires_refresh
NumStability.Analysis.ResolventFunctionalCalculus	NumStability/Analysis/ResolventFunctionalCalculus.lean	W06	remote-lane	preserved-ch18	unreviewed	preserved-ch18	family_migration_required
NumStability.Analysis.RoundingProductBounds	NumStability/Analysis/RoundingProductBounds.lean	W02	remote-lane	frozen-proposal	reusable	NumStability.Analysis.RoundingProductBounds.RoundingProductBounds	semantic_review_required
NumStability.Analysis.SampleVariance	NumStability/Analysis/SampleVariance.lean	W02	remote-lane	frozen-proposal	reusable	NumStability.Analysis.SampleVariance.SampleVariance	semantic_review_required
NumStability.Analysis.SchurTriangulation	NumStability/Analysis/SchurTriangulation.lean	W05	local-lane	preserved-ch18	unreviewed	preserved-ch18	family_migration_required
NumStability.Analysis.SemiconvergentBlockFormExists	NumStability/Analysis/SemiconvergentBlockFormExists.lean	W02	remote-lane	frozen-proposal	reusable	NumStability.Analysis.SemiconvergentBlockFormExists.SemiconvergentBlockFormExists	frozen_proposal_requires_refresh
NumStability.Analysis.SemiconvergentExistenceComplete	NumStability/Analysis/SemiconvergentExistenceComplete.lean	W02	remote-lane	frozen-proposal	reusable	NumStability.Analysis.SemiconvergentExistenceComplete.SemiconvergentExistenceComplete	frozen_proposal_requires_refresh
NumStability.Analysis.SemiconvergentExistenceFull	NumStability/Analysis/SemiconvergentExistenceFull.lean	W02	remote-lane	frozen-proposal	reusable	NumStability.Analysis.SemiconvergentExistenceFull.SemiconvergentExistenceFull	frozen_proposal_requires_refresh
NumStability.Analysis.SemiconvergentExistenceGaps	NumStability/Analysis/SemiconvergentExistenceGaps.lean	W02	remote-lane	frozen-proposal	reusable	NumStability.Analysis.SemiconvergentExistenceGaps.SemiconvergentExistenceGaps	frozen_proposal_requires_refresh
NumStability.Analysis.SemiconvergentLimitGeneral	NumStability/Analysis/SemiconvergentLimitGeneral.lean	W02	remote-lane	frozen-proposal	reusable	NumStability.Analysis.SemiconvergentLimitGeneral.SemiconvergentLimitGeneral	frozen_proposal_requires_refresh
NumStability.Analysis.SemiconvergentRealSpectrumComplete	NumStability/Analysis/SemiconvergentRealSpectrumComplete.lean	W02	remote-lane	frozen-proposal	reusable	NumStability.Analysis.SemiconvergentRealSpectrumComplete.SemiconvergentRealSpectrumComplete	frozen_proposal_requires_refresh
NumStability.Analysis.SemiconvergentSpectral	NumStability/Analysis/SemiconvergentSpectral.lean	W02	remote-lane	frozen-proposal	reusable	NumStability.Analysis.SemiconvergentSpectral.SemiconvergentSpectral	frozen_proposal_requires_refresh
NumStability.Analysis.SpijkerProjectionIntegral	NumStability/Analysis/SpijkerProjectionIntegral.lean	W06	remote-lane	preserved-ch18	unreviewed	preserved-ch18	family_migration_required
NumStability.Analysis.Stability	NumStability/Analysis/Stability.lean	W02	remote-lane	frozen-proposal	reusable	NumStability.Analysis.Stability.Stability	frozen_proposal_requires_refresh
NumStability.Analysis.StatisticalRounding	NumStability/Analysis/StatisticalRounding.lean	W02	remote-lane	frozen-proposal	reusable	NumStability.Analysis.StatisticalRounding.StatisticalRounding	frozen_proposal_requires_refresh
NumStability.Analysis.SylvesterSchurExistence	NumStability/Analysis/SylvesterSchurExistence.lean	W06	remote-lane	preserved-ch16	unreviewed	preserved-ch16	family_migration_required
NumStability.Analysis.TieRules	NumStability/Analysis/TieRules.lean	W02	remote-lane	frozen-proposal	reusable	NumStability.Analysis.TieRules.TieRules	frozen_proposal_requires_refresh
NumStability.Analysis.TrigCancellation	NumStability/Analysis/TrigCancellation.lean	W02	remote-lane	frozen-proposal	reusable	NumStability.Analysis.TrigCancellation.TrigCancellation	semantic_review_required
